Id,MSSubClass,LotFrontage,LotArea,OverallQual,OverallCond,YearBuilt,YearRemodAdd,MasVnrArea,BsmtFinSF1,BsmtFinSF2,BsmtUnfSF,TotalBsmtSF,1stFlrSF,2ndFlrSF,LowQualFinSF,GrLivArea,BsmtFullBath,BsmtHalfBath,FullBath,HalfBath,BedroomAbvGr,KitchenAbvGr,TotRmsAbvGrd,Fireplaces,GarageYrBlt,GarageCars,GarageArea,WoodDeckSF,OpenPorchSF,EnclosedPorch,3SsnPorch,ScreenPorch,PoolArea,MiscVal,MoSold,YrSold,SalePrice
1,60,65.0,8450,7,5,2003,2003,196.0,706,0,150,856,856,854,0,1710,1,0,2,1,3,1,8,0,2003.0,2,548,0,61,0,0,0,0,0,2,2008,208500
2,20,80.0,9600,6,8,1976,1976,0.0,978,0,284,1262,1262,0,0,1262,0,1,2,0,3,1,6,1,1976.0,2,460,298,0,0,0,0,0,0,5,2007,181500
3,60,68.0,11250,7,5,2001,2002,162.0,486,0,434,920,920,866,0,1786,1,0,2,1,3,1,6,1,2001.0,2,608,0,42,0,0,0,0,0,9,2008,223500
4,70,60.0,9550,7,5,1915,1970,0.0,216,0,540,756,961,756,0,1717,1,0,1,0,3,1,7,1,1998.0,3,642,0,35,272,0,0,0,0,2,2006,140000
5,60,84.0,14260,8,5,2000,2000,350.0,655,0,490,1145,1145,1053,0,2198,1,0,2,1,4,1,9,1,2000.0,3,836,192,84,0,0,0,0,0,12,2008,250000
6,50,85.0,14115,5,5,1993,1995,0.0,732,0,64,796,796,566,0,1362,1,0,1,1,1,1,5,0,1993.0,2,480,40,30,0,320,0,0,700,10,2009,143000
7,20,75.0,10084,8,5,2004,2005,186.0,1369,0,317,1686,1694,0,0,1694,1,0,2,0,3,1,7,1,2004.0,2,636,255,57,0,0,0,0,0,8,2007,307000
8,60,,10382,7,6,1973,1973,240.0,859,32,216,1107,1107,983,0,2090,1,0,2,1,3,1,7,2,1973.0,2,484,235,204,228,0,0,0,350,11,2009,200000
9,50,51.0,6120,7,5,1931,1950,0.0,0,0,952,952,1022,752,0,1774,0,0,2,0,2,2,8,2,1931.0,2,468,90,0,205,0,0,0,0,4,2008,129900
10,190,50.0,7420,5,6,1939,1950,0.0,851,0,140,991,1077,0,0,1077,1,0,1,0,2,2,5,2,1939.0,1,205,0,4,0,0,0,0,0,1,2008,118000
11,20,70.0,11200,5,5,1965,1965,0.0,906,0,134,1040,1040,0,0,1040,1,0,1,0,3,1,5,0,1965.0,1,384,0,0,0,0,0,0,0,2,2008,129500
12,60,85.0,11924,9,5,2005,2006,286.0,998,0,177,1175,1182,1142,0,2324,1,0,3,0,4,1,11,2,2005.0,3,736,147,21,0,0,0,0,0,7,2006,345000
13,20,,12968,5,6,1962,1962,0.0,737,0,175,912,912,0,0,912,1,0,1,0,2,1,4,0,1962.0,1,352,140,0,0,0,176,0,0,9,2008,144000
14,20,91.0,10652,7,5,2006,2007,306.0,0,0,1494,1494,1494,0,0,1494,0,0,2,0,3,1,7,1,2006.0,3,840,160,33,0,0,0,0,0,8,2007,279500
15,20,,10920,6,5,1960,1960,212.0,733,0,520,1253,1253,0,0,1253,1,0,1,1,2,1,5,1,1960.0,1,352,0,213,176,0,0,0,0,5,2008,157000
16,45,51.0,6120,7,8,1929,2001,0.0,0,0,832,832,854,0,0,854,0,0,1,0,2,1,5,0,1991.0,2,576,48,112,0,0,0,0,0,7,2007,132000
17,20,,11241,6,7,1970,1970,180.0,578,0,426,1004,1004,0,0,1004,1,0,1,0,2,1,5,1,1970.0,2,480,0,0,0,0,0,0,700,3,2010,149000
18,90,72.0,10791,4,5,1967,1967,0.0,0,0,0,0,1296,0,0,1296,0,0,2,0,2,2,6,0,1967.0,2,516,0,0,0,0,0,0,500,10,2006,90000
19,20,66.0,13695,5,5,2004,2004,0.0,646,0,468,1114,1114,0,0,1114,1,0,1,1,3,1,6,0,2004.0,2,576,0,102,0,0,0,0,0,6,2008,159000
20,20,70.0,7560,5,6,1958,1965,0.0,504,0,525,1029,1339,0,0,1339,0,0,1,0,3,1,6,0,1958.0,1,294,0,0,0,0,0,0,0,5,2009,139000
21,60,101.0,14215,8,5,2005,2006,380.0,0,0,1158,1158,1158,1218,0,2376,0,0,3,1,4,1,9,1,2005.0,3,853,240,154,0,0,0,0,0,11,2006,325300
22,45,57.0,7449,7,7,1930,1950,0.0,0,0,637,637,1108,0,0,1108,0,0,1,0,3,1,6,1,1930.0,1,280,0,0,205,0,0,0,0,6,2007,139400
23,20,75.0,9742,8,5,2002,2002,281.0,0,0,1777,1777,1795,0,0,1795,0,0,2,0,3,1,7,1,2002.0,2,534,171,159,0,0,0,0,0,9,2008,230000
24,120,44.0,4224,5,7,1976,1976,0.0,840,0,200,1040,1060,0,0,1060,1,0,1,0,3,1,6,1,1976.0,2,572,100,110,0,0,0,0,0,6,2007,129900
25,20,,8246,5,8,1968,2001,0.0,188,668,204,1060,1060,0,0,1060,1,0,1,0,3,1,6,1,1968.0,1,270,406,90,0,0,0,0,0,5,2010,154000
26,20,110.0,14230,8,5,2007,2007,640.0,0,0,1566,1566,1600,0,0,1600,0,0,2,0,3,1,7,1,2007.0,3,890,0,56,0,0,0,0,0,7,2009,256300
27,20,60.0,7200,5,7,1951,2000,0.0,234,486,180,900,900,0,0,900,0,1,1,0,3,1,5,0,2005.0,2,576,222,32,0,0,0,0,0,5,2010,134800
28,20,98.0,11478,8,5,2007,2008,200.0,1218,0,486,1704,1704,0,0,1704,1,0,2,0,3,1,7,1,2008.0,3,772,0,50,0,0,0,0,0,5,2010,306000
29,20,47.0,16321,5,6,1957,1997,0.0,1277,0,207,1484,1600,0,0,1600,1,0,1,0,2,1,6,2,1957.0,1,319,288,258,0,0,0,0,0,12,2006,207500
30,30,60.0,6324,4,6,1927,1950,0.0,0,0,520,520,520,0,0,520,0,0,1,0,1,1,4,0,1920.0,1,240,49,0,87,0,0,0,0,5,2008,68500
31,70,50.0,8500,4,4,1920,1950,0.0,0,0,649,649,649,668,0,1317,0,0,1,0,3,1,6,0,1920.0,1,250,0,54,172,0,0,0,0,7,2008,40000
32,20,,8544,5,6,1966,2006,0.0,0,0,1228,1228,1228,0,0,1228,0,0,1,1,3,1,6,0,1966.0,1,271,0,65,0,0,0,0,0,6,2008,149350
33,20,85.0,11049,8,5,2007,2007,0.0,0,0,1234,1234,1234,0,0,1234,0,0,2,0,3,1,7,0,2007.0,2,484,0,30,0,0,0,0,0,1,2008,179900
34,20,70.0,10552,5,5,1959,1959,0.0,1018,0,380,1398,1700,0,0,1700,0,1,1,1,4,1,6,1,1959.0,2,447,0,38,0,0,0,0,0,4,2010,165500
35,120,60.0,7313,9,5,2005,2005,246.0,1153,0,408,1561,1561,0,0,1561,1,0,2,0,2,1,6,1,2005.0,2,556,203,47,0,0,0,0,0,8,2007,277500
36,60,108.0,13418,8,5,2004,2005,132.0,0,0,1117,1117,1132,1320,0,2452,0,0,3,1,4,1,9,1,2004.0,3,691,113,32,0,0,0,0,0,9,2006,309000
37,20,112.0,10859,5,5,1994,1995,0.0,0,0,1097,1097,1097,0,0,1097,0,0,1,1,3,1,6,0,1995.0,2,672,392,64,0,0,0,0,0,6,2009,145000
38,20,74.0,8532,5,6,1954,1990,650.0,1213,0,84,1297,1297,0,0,1297,0,1,1,0,3,1,5,1,1954.0,2,498,0,0,0,0,0,0,0,10,2009,153000
39,20,68.0,7922,5,7,1953,2007,0.0,731,0,326,1057,1057,0,0,1057,1,0,1,0,3,1,5,0,1953.0,1,246,0,52,0,0,0,0,0,1,2010,109000
40,90,65.0,6040,4,5,1955,1955,0.0,0,0,0,0,1152,0,0,1152,0,0,2,0,2,2,6,0,,0,0,0,0,0,0,0,0,0,6,2008,82000
41,20,84.0,8658,6,5,1965,1965,101.0,643,0,445,1088,1324,0,0,1324,0,0,2,0,3,1,6,1,1965.0,2,440,0,138,0,0,0,0,0,12,2006,160000
42,20,115.0,16905,5,6,1959,1959,0.0,967,0,383,1350,1328,0,0,1328,0,1,1,1,2,1,5,2,1959.0,1,308,0,104,0,0,0,0,0,7,2007,170000
43,85,,9180,5,7,1983,1983,0.0,747,93,0,840,884,0,0,884,1,0,1,0,2,1,5,0,1983.0,2,504,240,0,0,0,0,0,0,12,2007,144000
44,20,,9200,5,6,1975,1980,0.0,280,491,167,938,938,0,0,938,1,0,1,0,3,1,5,0,1977.0,1,308,145,0,0,0,0,0,0,7,2008,130250
45,20,70.0,7945,5,6,1959,1959,0.0,179,506,465,1150,1150,0,0,1150,1,0,1,0,3,1,6,0,1959.0,1,300,0,0,0,0,0,0,0,5,2006,141000
46,120,61.0,7658,9,5,2005,2005,412.0,456,0,1296,1752,1752,0,0,1752,1,0,2,0,2,1,6,1,2005.0,2,576,196,82,0,0,0,0,0,2,2010,319900
47,50,48.0,12822,7,5,2003,2003,0.0,1351,0,83,1434,1518,631,0,2149,1,0,1,1,1,1,6,1,2003.0,2,670,168,43,0,0,198,0,0,8,2009,239686
48,20,84.0,11096,8,5,2006,2006,0.0,24,0,1632,1656,1656,0,0,1656,0,0,2,0,3,1,7,0,2006.0,3,826,0,146,0,0,0,0,0,7,2007,249700
49,190,33.0,4456,4,5,1920,2008,0.0,0,0,736,736,736,716,0,1452,0,0,2,0,2,3,8,0,,0,0,0,0,102,0,0,0,0,6,2009,113000
50,20,66.0,7742,5,7,1966,1966,0.0,763,0,192,955,955,0,0,955,1,0,1,0,3,1,6,0,1966.0,1,386,0,0,0,0,0,0,0,1,2007,127000
51,60,,13869,6,6,1997,1997,0.0,182,0,612,794,794,676,0,1470,0,1,2,0,3,1,6,0,1997.0,2,388,0,75,0,0,0,0,0,7,2007,177000
52,50,52.0,6240,6,6,1934,1950,0.0,0,0,816,816,816,0,360,1176,0,0,1,0,3,1,6,1,1985.0,2,528,112,0,0,0,0,0,400,9,2006,114500
53,90,110.0,8472,5,5,1963,1963,0.0,104,712,0,816,816,0,0,816,1,0,1,0,2,1,5,0,1963.0,2,516,106,0,0,0,0,0,0,5,2010,110000
54,20,68.0,50271,9,5,1981,1987,0.0,1810,0,32,1842,1842,0,0,1842,2,0,0,1,0,1,5,1,1981.0,3,894,857,72,0,0,0,0,0,11,2006,385000
55,80,60.0,7134,5,5,1955,1955,0.0,384,0,0,384,1360,0,0,1360,0,0,1,0,3,1,6,1,1962.0,2,572,0,50,0,0,0,0,0,2,2007,130000
56,20,100.0,10175,6,5,1964,1964,272.0,490,0,935,1425,1425,0,0,1425,0,0,2,0,3,1,7,1,1964.0,2,576,0,0,0,407,0,0,0,7,2008,180500
57,160,24.0,2645,8,5,1999,2000,456.0,649,0,321,970,983,756,0,1739,1,0,2,1,3,1,7,0,1999.0,2,480,115,0,0,0,0,0,0,8,2009,172500
58,60,89.0,11645,7,5,2004,2004,0.0,0,0,860,860,860,860,0,1720,0,0,2,1,3,1,7,0,2004.0,2,565,0,70,0,0,0,0,0,8,2006,196500
59,60,66.0,13682,10,5,2006,2006,1031.0,0,0,1410,1410,1426,1519,0,2945,0,0,3,1,3,1,10,1,2006.0,3,641,192,0,37,0,0,0,0,10,2006,438780
60,20,60.0,7200,5,7,1972,1972,0.0,632,0,148,780,780,0,0,780,0,0,1,0,2,1,4,0,1973.0,1,352,196,0,0,0,0,0,0,1,2008,124900
61,20,63.0,13072,6,5,2004,2004,0.0,941,0,217,1158,1158,0,0,1158,1,0,1,1,3,1,5,0,2006.0,2,576,0,50,0,0,0,0,0,5,2006,158000
62,75,60.0,7200,5,7,1920,1996,0.0,0,0,530,530,581,530,0,1111,0,0,1,0,3,1,6,0,1935.0,1,288,0,0,144,0,0,0,0,3,2007,101000
63,120,44.0,6442,8,5,2006,2006,178.0,24,0,1346,1370,1370,0,0,1370,0,0,2,0,2,1,6,1,2006.0,2,484,120,49,0,0,0,0,0,10,2007,202500
64,70,50.0,10300,7,6,1921,1950,0.0,0,0,576,576,902,808,0,1710,0,0,2,0,3,1,9,0,1990.0,2,480,12,11,64,0,0,0,0,4,2010,140000
65,60,,9375,7,5,1997,1998,573.0,739,0,318,1057,1057,977,0,2034,1,0,2,1,3,1,8,0,1998.0,2,645,576,36,0,0,0,0,0,2,2009,219500
66,60,76.0,9591,8,5,2004,2005,344.0,0,0,1143,1143,1143,1330,0,2473,0,0,2,1,4,1,9,1,2004.0,3,852,192,151,0,0,0,0,0,10,2007,317000
67,20,,19900,7,5,1970,1989,287.0,912,0,1035,1947,2207,0,0,2207,1,0,2,0,3,1,7,1,1970.0,2,576,301,0,0,0,0,0,0,7,2010,180000
68,20,72.0,10665,7,5,2003,2003,167.0,1013,0,440,1453,1479,0,0,1479,1,0,2,0,3,1,7,0,2003.0,2,558,144,29,0,0,0,0,0,6,2007,226000
69,30,47.0,4608,4,6,1945,1950,0.0,0,0,747,747,747,0,0,747,0,0,1,0,2,1,4,0,1945.0,1,220,0,0,0,0,0,0,0,6,2010,80000
70,50,81.0,15593,7,4,1953,1953,0.0,603,0,701,1304,1304,983,0,2287,0,0,2,0,3,1,7,1,1953.0,2,667,0,21,114,0,0,0,0,7,2006,225000
71,20,95.0,13651,7,6,1973,1973,1115.0,1880,0,343,2223,2223,0,0,2223,1,0,2,0,3,1,8,2,1973.0,2,516,300,0,0,0,0,0,0,2,2007,244000
72,20,69.0,7599,4,6,1982,2006,0.0,565,0,280,845,845,0,0,845,1,0,1,0,2,1,4,0,1987.0,2,360,0,0,0,0,0,0,0,6,2007,129500
73,60,74.0,10141,7,5,1998,1998,40.0,0,0,832,832,885,833,0,1718,0,0,2,1,3,1,7,1,1998.0,2,427,0,94,0,0,291,0,0,12,2009,185000
74,20,85.0,10200,5,7,1954,2003,104.0,320,362,404,1086,1086,0,0,1086,1,0,1,0,3,1,6,0,1989.0,2,490,0,0,0,0,0,0,0,5,2010,144900
75,50,60.0,5790,3,6,1915,1950,0.0,0,0,840,840,840,765,0,1605,0,0,2,0,3,2,8,0,1915.0,1,379,0,0,202,0,0,0,0,5,2010,107400
76,180,21.0,1596,4,5,1973,1973,0.0,462,0,0,462,526,462,0,988,1,0,1,0,2,1,5,0,1973.0,1,297,120,101,0,0,0,0,0,11,2009,91000
77,20,,8475,4,7,1956,1956,0.0,228,0,724,952,952,0,0,952,0,0,1,0,2,1,4,0,1956.0,1,283,0,0,0,0,0,0,0,4,2008,135750
78,50,50.0,8635,5,5,1948,2001,0.0,336,41,295,672,1072,213,0,1285,1,0,1,0,2,1,6,0,1948.0,1,240,0,0,0,0,0,0,0,1,2008,127000
79,90,72.0,10778,4,5,1968,1968,0.0,0,0,1768,1768,1768,0,0,1768,0,0,2,0,4,2,8,0,,0,0,0,0,0,0,0,0,0,4,2010,136500
80,50,60.0,10440,5,6,1910,1981,0.0,0,0,440,440,682,548,0,1230,0,0,1,1,2,1,5,0,1966.0,2,440,74,0,128,0,0,0,0,5,2009,110000
81,60,100.0,13000,6,6,1968,1968,576.0,448,0,448,896,1182,960,0,2142,0,0,2,1,4,1,8,1,1968.0,1,509,0,72,0,0,252,0,0,6,2009,193500
82,120,32.0,4500,6,5,1998,1998,443.0,1201,0,36,1237,1337,0,0,1337,1,0,2,0,2,1,5,0,1998.0,2,405,0,199,0,0,0,0,0,3,2006,153500
83,20,78.0,10206,8,5,2007,2007,468.0,33,0,1530,1563,1563,0,0,1563,0,0,2,0,3,1,6,1,2007.0,3,758,144,99,0,0,0,0,0,10,2008,245000
84,20,80.0,8892,5,5,1960,1960,66.0,0,0,1065,1065,1065,0,0,1065,0,0,1,1,3,1,6,0,1974.0,2,461,74,0,0,0,0,0,0,7,2007,126500
85,80,,8530,7,5,1995,1996,22.0,0,0,384,384,804,670,0,1474,0,0,2,1,3,1,7,1,1995.0,2,400,120,72,0,0,0,0,700,5,2009,168500
86,60,121.0,16059,8,5,1991,1992,284.0,0,0,1288,1288,1301,1116,0,2417,0,0,2,1,4,1,9,1,1991.0,2,462,127,82,0,0,0,0,0,4,2006,260000
87,60,122.0,11911,6,5,2005,2005,0.0,0,0,684,684,684,876,0,1560,0,0,2,1,3,1,6,1,2005.0,2,400,100,38,0,0,0,0,0,3,2009,174000
88,160,40.0,3951,6,5,2009,2009,76.0,0,0,612,612,612,612,0,1224,0,0,2,1,2,1,4,0,2009.0,2,528,0,234,0,0,0,0,0,6,2009,164500
89,50,105.0,8470,3,2,1915,1982,0.0,0,0,1013,1013,1013,0,513,1526,0,0,1,0,2,1,6,0,,0,0,0,0,156,0,0,0,0,10,2009,85000
90,20,60.0,8070,4,5,1994,1995,0.0,588,0,402,990,990,0,0,990,1,0,1,0,3,1,5,0,,0,0,0,0,0,0,0,0,0,8,2007,123600
91,20,60.0,7200,4,5,1950,1950,0.0,0,0,0,0,1040,0,0,1040,0,0,1,0,2,1,4,0,1950.0,2,420,0,29,0,0,0,0,0,7,2006,109900
92,20,85.0,8500,5,3,1961,1961,203.0,600,0,635,1235,1235,0,0,1235,0,0,1,0,2,1,6,0,1961.0,2,480,0,0,0,0,0,0,0,12,2006,98600
93,30,80.0,13360,5,7,1921,2006,0.0,713,0,163,876,964,0,0,964,1,0,1,0,2,1,5,0,1921.0,2,432,0,0,44,0,0,0,0,8,2009,163500
94,190,60.0,7200,6,6,1910,1998,0.0,1046,0,168,1214,1260,1031,0,2291,0,1,2,0,4,2,9,1,1900.0,2,506,0,0,0,0,99,0,0,11,2007,133900
95,60,69.0,9337,6,5,1997,1997,0.0,648,0,176,824,905,881,0,1786,1,0,2,1,3,1,7,0,1997.0,2,684,0,162,0,0,0,0,0,5,2007,204750
96,60,,9765,6,8,1993,1993,68.0,310,0,370,680,680,790,0,1470,0,0,2,1,3,1,6,1,1993.0,2,420,232,63,0,0,0,0,480,4,2009,185000
97,20,78.0,10264,7,5,1999,1999,183.0,1162,0,426,1588,1588,0,0,1588,0,0,2,0,3,1,6,0,1999.0,2,472,158,29,0,0,0,0,0,8,2006,214000
98,20,73.0,10921,4,5,1965,1965,48.0,520,0,440,960,960,0,0,960,1,0,1,0,3,1,6,0,1965.0,1,432,120,0,0,0,0,0,0,5,2007,94750
99,30,85.0,10625,5,5,1920,1950,0.0,108,0,350,458,835,0,0,835,0,0,1,0,2,1,5,0,1920.0,1,366,0,0,77,0,0,0,400,5,2010,83000
100,20,77.0,9320,4,5,1959,1959,0.0,569,0,381,950,1225,0,0,1225,1,0,1,1,3,1,6,0,,0,0,352,0,0,0,0,0,400,1,2010,128950
101,20,,10603,6,7,1977,2001,28.0,1200,0,410,1610,1610,0,0,1610,1,0,2,0,3,1,6,2,1977.0,2,480,168,68,0,0,0,0,0,2,2010,205000
102,60,77.0,9206,6,5,1985,1985,336.0,0,0,741,741,977,755,0,1732,0,0,2,1,3,1,7,1,1985.0,2,476,192,46,0,0,0,0,0,6,2010,178000
103,90,64.0,7018,5,5,1979,1979,0.0,0,0,0,0,1535,0,0,1535,0,0,2,0,4,2,8,0,1979.0,2,410,0,0,0,0,0,0,0,6,2009,118964
104,20,94.0,10402,7,5,2009,2009,0.0,0,0,1226,1226,1226,0,0,1226,0,0,2,0,3,1,6,0,2009.0,3,740,0,36,0,0,0,0,0,5,2010,198900
105,50,,7758,7,4,1931,1950,600.0,224,0,816,1040,1226,592,0,1818,0,0,1,1,4,1,7,2,1951.0,1,240,0,0,0,0,184,0,0,6,2007,169500
106,60,75.0,9375,8,5,2003,2004,768.0,0,0,1053,1053,1053,939,0,1992,0,0,2,1,3,1,9,1,2003.0,2,648,140,45,0,0,0,0,0,8,2008,250000
107,30,60.0,10800,4,7,1885,1995,0.0,0,0,641,641,1047,0,0,1047,0,0,1,0,2,1,6,0,1954.0,1,273,0,0,0,0,0,0,450,8,2007,100000
108,20,50.0,6000,5,5,1948,1950,0.0,104,169,516,789,789,0,0,789,0,0,1,0,2,1,5,0,1948.0,1,250,0,0,0,0,0,0,0,4,2008,115000
109,50,85.0,8500,5,7,1919,2005,0.0,0,0,793,793,997,520,0,1517,0,0,2,0,3,1,7,0,,0,0,0,0,144,0,0,0,0,8,2007,115000
110,20,105.0,11751,6,6,1977,1977,480.0,705,0,1139,1844,1844,0,0,1844,0,0,2,0,3,1,7,1,1977.0,2,546,0,122,0,0,0,0,0,1,2010,190000
111,50,75.0,9525,6,4,1954,1972,0.0,444,0,550,994,1216,639,0,1855,0,0,2,0,4,1,7,0,1954.0,1,325,182,0,0,0,0,0,0,10,2006,136900
112,80,,7750,7,5,2000,2000,0.0,250,0,134,384,774,656,0,1430,0,0,2,1,3,1,7,1,2000.0,2,400,180,0,0,0,0,0,0,4,2010,180000
113,60,77.0,9965,7,5,2007,2007,220.0,984,0,280,1264,1282,1414,0,2696,1,0,2,1,4,1,10,1,2007.0,3,792,120,184,0,0,168,0,0,10,2007,383970
114,20,,21000,6,5,1953,1953,184.0,35,869,905,1809,2259,0,0,2259,1,0,2,0,3,1,7,2,1953.0,2,450,166,120,192,0,0,0,0,10,2007,217000
115,70,61.0,7259,6,8,1945,2002,0.0,774,150,104,1028,1436,884,0,2320,1,0,2,1,3,1,9,1,1945.0,1,180,224,0,0,0,0,0,0,7,2007,259500
116,160,34.0,3230,6,5,1999,1999,1129.0,419,0,310,729,729,729,0,1458,0,0,2,1,2,1,5,1,1999.0,2,440,0,32,0,0,0,0,0,6,2007,176000
117,20,,11616,5,5,1962,1962,116.0,170,670,252,1092,1092,0,0,1092,0,1,1,0,3,1,6,1,1962.0,1,288,0,20,144,0,0,0,0,9,2009,139000
118,20,74.0,8536,5,5,2006,2007,0.0,0,0,1125,1125,1125,0,0,1125,0,0,1,1,2,1,5,0,2007.0,2,430,80,64,0,0,0,0,0,4,2007,155000
119,60,90.0,12376,7,5,1990,1990,0.0,1470,0,203,1673,1699,1523,0,3222,1,0,3,0,5,1,11,2,1990.0,3,594,367,0,0,0,0,0,0,5,2010,320000
120,60,65.0,8461,6,5,2005,2006,0.0,0,0,728,728,728,728,0,1456,0,0,2,1,3,1,8,1,2005.0,2,390,0,24,0,0,0,0,0,7,2006,163990
121,80,,21453,6,5,1969,1969,0.0,938,0,0,938,988,0,0,988,1,0,1,0,1,1,4,2,1969.0,2,540,0,130,0,130,0,0,0,10,2006,180000
122,50,50.0,6060,4,5,1939,1950,0.0,0,0,732,732,772,351,0,1123,0,0,1,0,3,1,4,0,1979.0,1,264,0,0,140,0,0,0,0,6,2007,100000
123,20,75.0,9464,6,7,1958,1958,135.0,570,0,510,1080,1080,0,0,1080,0,0,1,0,3,1,5,0,1958.0,1,288,0,0,0,0,130,0,0,6,2008,136000
124,120,55.0,7892,6,5,1993,1993,0.0,300,0,899,1199,1199,0,0,1199,0,0,2,0,2,1,5,0,1993.0,2,530,0,63,0,0,0,0,0,3,2008,153900
125,20,48.0,17043,6,5,1979,1998,0.0,0,0,1362,1362,1586,0,0,1586,0,0,2,0,3,1,7,1,1979.0,2,435,192,0,0,0,0,0,0,1,2009,181000
126,190,60.0,6780,6,8,1935,1982,0.0,490,0,30,520,520,0,234,754,1,0,1,0,2,1,5,0,,0,0,53,0,0,0,0,0,0,6,2006,84500
127,120,,4928,6,5,1976,1976,0.0,120,0,958,1078,958,0,0,958,0,0,2,0,2,1,5,1,1977.0,2,440,0,205,0,0,0,0,0,2,2007,128000
128,45,55.0,4388,5,7,1930,1950,0.0,116,0,556,672,840,0,0,840,0,0,1,0,3,1,5,1,,0,0,0,0,0,0,0,0,0,6,2007,87000
129,60,69.0,7590,6,5,1966,1966,266.0,512,0,148,660,660,688,0,1348,0,0,1,1,3,1,6,1,1966.0,2,453,188,108,0,0,0,0,0,7,2006,155000
130,20,69.0,8973,5,7,1958,1991,85.0,567,28,413,1008,1053,0,0,1053,0,1,1,1,3,1,6,0,1998.0,2,750,0,80,0,180,0,0,0,7,2006,150000
131,60,88.0,14200,7,6,1966,1966,309.0,445,0,479,924,1216,941,0,2157,0,0,2,1,4,1,8,2,1966.0,2,487,105,66,0,0,0,0,0,5,2006,226000
132,60,,12224,6,5,2000,2000,40.0,695,0,297,992,1022,1032,0,2054,1,0,2,1,3,1,7,1,2000.0,2,390,24,48,0,0,0,0,0,7,2009,244000
133,20,75.0,7388,5,6,1959,2002,0.0,405,0,658,1063,1327,0,0,1327,1,0,1,0,3,1,7,0,1974.0,2,624,0,0,0,0,0,0,0,7,2007,150750
134,20,,6853,8,5,2001,2002,136.0,1005,0,262,1267,1296,0,0,1296,1,0,2,0,2,1,6,0,2001.0,2,471,192,25,0,0,0,0,0,6,2009,220000
135,20,78.0,10335,5,6,1968,1993,0.0,570,0,891,1461,1721,0,0,1721,0,0,2,1,3,1,7,1,1968.0,2,440,0,96,180,0,0,0,0,7,2006,180000
136,20,80.0,10400,7,6,1970,1970,288.0,0,0,1304,1304,1682,0,0,1682,0,0,2,0,3,1,7,1,1970.0,2,530,98,0,0,0,0,0,0,5,2008,174000
137,20,,10355,5,5,1967,1967,196.0,695,0,519,1214,1214,0,0,1214,0,0,2,0,3,1,5,1,1967.0,1,318,0,111,0,0,0,0,0,7,2007,143000
138,90,82.0,11070,7,5,1988,1989,70.0,0,0,1907,1907,1959,0,0,1959,0,0,3,0,5,2,9,0,1989.0,3,766,0,0,0,0,0,0,0,7,2006,171000
139,60,73.0,9066,8,5,1999,2000,320.0,668,0,336,1004,1004,848,0,1852,0,0,2,1,3,1,7,2,1999.0,3,660,224,106,0,0,0,0,0,12,2008,230000
140,60,65.0,15426,6,5,1997,1997,0.0,821,0,107,928,928,836,0,1764,1,0,2,1,3,1,7,0,1997.0,2,470,276,99,0,0,0,0,0,8,2009,231500
141,20,70.0,10500,4,5,1971,1971,0.0,432,0,432,864,864,0,0,864,0,0,1,0,3,1,5,1,,0,0,0,0,0,0,0,0,0,4,2010,115000
142,20,78.0,11645,7,5,2005,2005,0.0,1300,0,434,1734,1734,0,0,1734,1,0,2,0,3,1,7,0,2005.0,2,660,160,24,0,0,0,0,0,1,2006,260000
143,50,71.0,8520,5,4,1952,1952,0.0,507,0,403,910,910,475,0,1385,0,0,2,0,4,1,6,0,2000.0,2,720,0,0,0,0,0,0,0,6,2010,166000
144,20,78.0,10335,7,5,1999,1999,183.0,679,0,811,1490,1501,0,0,1501,1,0,2,0,3,1,6,0,1999.0,2,577,144,29,0,0,0,0,0,6,2009,204000
145,90,70.0,9100,5,5,1963,1963,336.0,1332,0,396,1728,1728,0,0,1728,1,0,2,0,6,2,10,0,1963.0,2,504,0,0,0,0,0,0,0,11,2006,125000
146,160,24.0,2522,6,5,2004,2006,50.0,0,0,970,970,970,739,0,1709,0,0,2,0,3,1,7,0,2004.0,2,380,0,40,0,0,0,0,0,4,2006,130000
147,30,51.0,6120,5,7,1931,1993,0.0,209,0,506,715,875,0,0,875,1,0,1,0,2,1,5,0,1931.0,1,180,48,0,0,0,0,0,0,11,2009,105000
148,60,,9505,7,5,2001,2001,180.0,0,0,884,884,884,1151,0,2035,0,0,2,1,3,1,8,1,2001.0,2,434,144,48,0,0,0,0,0,5,2010,222500
149,20,63.0,7500,7,5,2004,2005,120.0,680,0,400,1080,1080,0,0,1080,1,0,1,0,3,1,6,0,,0,0,0,0,0,0,0,0,0,4,2008,141000
150,50,,6240,5,4,1936,1950,0.0,0,0,896,896,896,448,0,1344,0,0,1,0,3,1,7,0,1936.0,1,240,200,114,0,0,0,0,0,4,2006,115000
151,20,120.0,10356,5,6,1975,1975,0.0,716,0,253,969,969,0,0,969,0,0,1,1,3,1,5,0,1975.0,2,440,0,0,0,0,0,0,0,1,2007,122000
152,20,107.0,13891,8,5,2007,2008,436.0,1400,0,310,1710,1710,0,0,1710,1,0,2,0,2,1,6,1,2007.0,3,866,0,102,0,0,0,0,0,1,2008,372402
153,60,,14803,6,5,1971,1971,252.0,416,0,409,825,1097,896,0,1993,0,0,2,1,4,1,8,1,1971.0,2,495,0,66,0,0,0,0,0,6,2006,190000
154,20,,13500,6,7,1960,1975,0.0,429,1080,93,1602,1252,0,0,1252,1,0,1,0,1,1,4,1,1960.0,2,564,409,0,0,0,0,0,0,3,2008,235000
155,30,84.0,11340,6,5,1923,1950,0.0,0,0,1200,1200,1200,0,0,1200,0,0,1,0,4,1,7,0,1923.0,1,312,0,0,228,0,0,0,0,3,2006,125000
156,50,60.0,9600,6,5,1924,1950,0.0,0,0,572,572,572,524,0,1096,0,0,1,0,2,1,5,0,,0,0,0,8,128,0,0,0,0,4,2008,79000
157,20,60.0,7200,5,7,1950,1950,0.0,0,0,0,0,1040,0,0,1040,0,0,1,0,2,1,5,0,1950.0,2,625,0,0,0,0,0,0,0,6,2006,109500
158,60,92.0,12003,8,5,2009,2010,84.0,0,0,774,774,774,1194,0,1968,0,0,2,1,4,1,8,1,2009.0,3,680,0,75,0,0,0,0,0,5,2010,269500
159,60,100.0,12552,7,5,2004,2005,0.0,222,0,769,991,991,956,0,1947,0,0,2,1,3,1,8,1,2004.0,2,678,0,136,0,0,0,0,0,5,2010,254900
160,60,134.0,19378,7,5,2005,2006,456.0,57,0,1335,1392,1392,1070,0,2462,1,0,2,1,4,1,9,1,2006.0,2,576,239,132,0,168,0,0,0,3,2006,320000
161,20,,11120,6,6,1984,1984,0.0,660,0,572,1232,1232,0,0,1232,0,0,2,0,3,1,6,0,1984.0,2,516,0,0,0,0,0,0,0,6,2008,162500
162,60,110.0,13688,9,5,2003,2004,664.0,1016,0,556,1572,1572,1096,0,2668,1,0,2,1,3,1,10,2,2003.0,3,726,400,0,0,0,0,0,0,3,2008,412500
163,20,95.0,12182,7,5,2005,2005,226.0,1201,0,340,1541,1541,0,0,1541,0,0,2,0,3,1,7,1,2005.0,2,532,0,70,0,0,0,0,0,5,2010,220000
164,45,55.0,5500,4,6,1956,1956,0.0,0,0,882,882,882,0,0,882,0,0,1,0,1,1,4,0,,0,0,0,0,0,0,0,0,0,4,2007,103200
165,40,40.0,5400,6,7,1926,2004,0.0,370,0,779,1149,1149,467,0,1616,0,0,2,0,3,1,5,0,1926.0,1,216,0,0,183,0,0,0,0,10,2007,152000
166,190,62.0,10106,5,7,1940,1999,0.0,351,181,112,644,808,547,0,1355,1,0,2,0,4,2,6,0,,0,0,140,0,0,0,0,0,0,9,2008,127500
167,20,,10708,5,5,1955,1993,0.0,379,768,470,1617,1867,0,0,1867,1,0,1,0,2,1,7,3,1955.0,1,303,476,0,0,0,142,0,0,11,2009,190000
168,60,86.0,10562,8,5,2007,2007,300.0,1288,0,294,1582,1610,551,0,2161,1,0,1,1,3,1,8,1,2007.0,3,789,178,120,0,0,0,0,0,11,2007,325624
169,60,62.0,8244,7,5,2004,2004,0.0,0,0,840,840,840,880,0,1720,0,0,2,1,3,1,7,1,2004.0,2,440,100,48,0,0,0,0,0,5,2007,183500
170,20,,16669,8,6,1981,1981,653.0,0,0,1686,1686,1707,0,0,1707,0,0,2,1,2,1,6,1,1981.0,2,511,574,64,0,0,0,0,0,1,2006,228000
171,50,,12358,5,6,1941,1950,0.0,360,0,360,720,854,0,528,1382,0,0,1,1,2,1,7,0,1991.0,2,660,237,0,0,0,0,0,0,5,2007,128500
172,20,141.0,31770,6,5,1960,1960,112.0,639,0,441,1080,1656,0,0,1656,1,0,1,0,3,1,7,2,1960.0,2,528,210,62,0,0,0,0,0,5,2010,215000
173,160,44.0,5306,7,7,1987,1987,0.0,495,215,354,1064,1064,703,0,1767,1,0,2,0,2,1,5,1,1987.0,2,504,441,35,0,0,0,0,0,6,2006,239000
174,20,80.0,10197,6,5,1961,1961,491.0,288,374,700,1362,1362,0,0,1362,1,0,1,1,3,1,6,1,1961.0,2,504,0,20,0,0,0,0,0,6,2008,163000
175,20,47.0,12416,6,5,1986,1986,132.0,1398,208,0,1606,1651,0,0,1651,1,0,2,0,3,1,7,1,1986.0,2,616,192,0,0,0,0,0,0,11,2008,184000
176,20,84.0,12615,6,7,1950,2001,0.0,477,0,725,1202,2158,0,0,2158,1,0,2,0,4,1,7,1,1950.0,2,576,0,29,39,0,0,0,0,6,2007,243000
177,60,97.0,10029,6,5,1988,1989,268.0,831,0,320,1151,1164,896,0,2060,0,1,2,1,4,1,8,1,1988.0,2,521,0,228,0,0,192,0,0,9,2007,211000
178,50,,13650,5,5,1958,1958,0.0,57,441,554,1052,1252,668,0,1920,1,0,2,0,4,1,8,1,1958.0,2,451,0,0,0,0,0,0,0,7,2006,172500
179,20,63.0,17423,9,5,2008,2009,748.0,1904,0,312,2216,2234,0,0,2234,1,0,2,0,1,1,9,1,2009.0,3,1166,0,60,0,0,0,0,0,7,2009,501837
180,30,60.0,8520,5,6,1923,2006,0.0,0,0,968,968,968,0,0,968,0,0,1,0,2,1,5,0,1935.0,2,480,0,0,184,0,0,0,0,7,2007,100000
181,160,,2117,6,5,2000,2000,456.0,436,0,320,756,769,756,0,1525,0,0,2,1,3,1,5,1,2000.0,2,440,0,0,0,0,0,0,0,6,2007,177000
182,70,54.0,7588,7,6,1920,1950,0.0,352,0,441,793,901,901,0,1802,0,0,1,1,4,1,9,1,1920.0,1,216,0,0,40,0,0,0,0,7,2006,200100
183,20,60.0,9060,5,6,1957,2006,98.0,0,0,0,0,1340,0,0,1340,0,0,1,0,3,1,7,1,1957.0,1,252,116,0,0,180,0,0,0,6,2007,120000
184,50,63.0,11426,7,5,2003,2003,0.0,0,0,1362,1362,1362,720,0,2082,0,0,2,1,3,1,6,0,2003.0,2,484,280,238,0,0,0,0,0,6,2008,200000
185,50,92.0,7438,5,8,1908,1991,0.0,0,0,504,504,936,316,0,1252,0,0,1,0,3,1,5,0,1986.0,2,576,104,0,0,0,0,0,0,6,2006,127000
186,75,90.0,22950,10,9,1892,1993,0.0,0,0,1107,1107,1518,1518,572,3608,0,0,2,1,4,1,12,2,1993.0,3,840,0,260,0,0,410,0,0,6,2006,475000
187,80,,9947,7,5,1990,1991,0.0,611,0,577,1188,1217,0,0,1217,1,0,2,0,3,1,6,0,1990.0,2,497,168,27,0,0,0,0,0,6,2009,173000
188,50,60.0,10410,5,7,1916,1987,0.0,0,0,660,660,808,704,144,1656,0,0,2,1,3,1,8,0,1916.0,1,180,0,0,0,140,0,0,0,8,2009,135000
189,90,64.0,7018,5,5,1979,1979,275.0,1086,0,0,1086,1224,0,0,1224,2,0,0,2,2,2,6,2,1979.0,2,528,120,0,0,0,0,0,0,6,2009,153337
190,120,41.0,4923,8,5,2001,2002,0.0,1153,0,440,1593,1593,0,0,1593,1,0,1,1,0,1,5,1,2001.0,2,682,0,120,0,0,224,0,0,8,2008,286000
191,70,70.0,10570,8,8,1932,1994,0.0,297,0,556,853,1549,1178,0,2727,0,0,2,1,3,1,10,2,1932.0,2,440,0,74,0,0,0,0,0,12,2007,315000
192,60,,7472,7,9,1972,2004,138.0,626,0,99,725,725,754,0,1479,1,0,1,1,4,1,7,0,1972.0,2,484,0,32,0,0,0,0,0,6,2007,184000
193,20,68.0,9017,7,5,1999,1999,0.0,560,0,871,1431,1431,0,0,1431,1,0,2,0,3,1,6,0,1999.0,2,666,0,35,0,0,0,0,0,9,2009,192000
194,160,24.0,2522,7,5,2004,2004,50.0,0,0,970,970,970,739,0,1709,0,0,2,0,3,1,7,0,2004.0,2,380,0,40,0,0,0,0,0,5,2006,130000
195,20,60.0,7180,5,7,1972,1972,0.0,390,0,474,864,864,0,0,864,0,0,1,0,3,1,5,0,1989.0,1,352,0,0,0,0,0,0,0,5,2008,127000
196,160,24.0,2280,6,6,1976,1976,0.0,566,0,289,855,855,601,0,1456,0,0,2,1,3,1,7,1,1976.0,2,440,87,0,0,0,0,0,0,7,2009,148500
197,20,79.0,9416,7,5,2007,2007,205.0,1126,0,600,1726,1726,0,0,1726,1,0,2,0,3,1,8,1,2007.0,3,786,171,138,0,0,266,0,0,9,2007,311872
198,75,174.0,25419,8,4,1918,1990,0.0,1036,184,140,1360,1360,1360,392,3112,1,1,2,0,4,1,8,1,1918.0,2,795,0,16,552,0,0,512,0,3,2006,235000
199,75,92.0,5520,6,6,1912,1950,0.0,0,0,755,755,929,929,371,2229,0,0,1,0,5,1,8,0,,0,0,0,198,30,0,0,0,0,7,2009,104000
200,20,76.0,9591,8,5,2004,2005,262.0,1088,0,625,1713,1713,0,0,1713,1,0,2,0,3,1,7,1,2004.0,3,856,0,26,0,0,170,0,0,1,2009,274900
201,20,80.0,8546,4,5,2003,2004,0.0,0,0,1121,1121,1121,0,0,1121,0,0,2,0,2,1,5,0,2003.0,2,440,132,64,0,0,0,0,0,3,2010,140000
202,20,75.0,10125,6,6,1977,1977,0.0,641,279,276,1196,1279,0,0,1279,0,1,2,0,3,1,6,2,1980.0,2,473,238,83,0,0,0,0,0,2,2008,171500
203,50,50.0,7000,6,6,1924,1950,0.0,617,0,0,617,865,445,0,1310,0,0,2,0,2,1,6,0,1924.0,1,398,0,0,126,0,0,0,0,5,2006,112000
204,120,,4438,6,5,2004,2004,205.0,662,0,186,848,848,0,0,848,1,0,1,0,1,1,3,1,2004.0,2,420,149,0,0,0,0,0,0,1,2008,149000
205,50,50.0,3500,5,7,1947,1950,0.0,312,0,408,720,720,564,0,1284,0,0,1,1,2,1,5,0,1948.0,1,240,0,35,0,0,0,0,0,4,2009,110000
206,20,99.0,11851,7,5,1990,1990,0.0,0,0,1424,1424,1442,0,0,1442,0,0,2,0,3,1,5,0,1990.0,2,500,0,34,0,508,0,0,0,5,2009,180500
207,20,40.0,13673,5,5,1962,1962,0.0,0,0,1140,1140,1696,0,0,1696,0,0,1,1,3,1,8,1,1962.0,1,349,0,30,0,0,0,0,0,3,2007,143900
208,20,,12493,4,5,1960,1960,0.0,419,306,375,1100,1100,0,0,1100,1,0,1,0,3,1,6,1,1960.0,1,312,355,0,0,0,0,0,0,4,2008,141000
209,60,,14364,7,5,1988,1989,128.0,1065,0,92,1157,1180,882,0,2062,1,0,2,1,3,1,7,1,1988.0,2,454,60,55,0,0,154,0,0,4,2007,277000
210,20,75.0,8250,6,7,1964,1964,260.0,787,0,305,1092,1092,0,0,1092,1,0,1,0,3,1,6,0,1964.0,2,504,0,0,0,0,0,0,0,7,2008,145000
211,30,67.0,5604,5,6,1925,1950,0.0,468,0,396,864,864,0,0,864,1,0,1,0,2,1,5,0,,0,0,0,0,96,0,0,0,0,4,2008,98000
212,20,83.0,10420,6,5,2009,2009,0.0,36,0,1176,1212,1212,0,0,1212,0,0,2,0,3,1,6,0,2009.0,2,460,100,22,0,0,0,0,0,3,2010,186000
213,60,72.0,8640,7,5,2009,2009,0.0,822,0,78,900,932,920,0,1852,1,0,2,1,3,1,7,1,2009.0,2,644,168,108,0,0,0,0,0,7,2009,252678
214,20,43.0,13568,5,5,1995,1995,0.0,716,0,274,990,990,0,0,990,0,1,1,0,3,1,5,0,1996.0,2,576,224,0,0,0,0,0,0,7,2006,156000
215,60,,10900,6,7,1977,1977,153.0,378,0,311,689,689,703,0,1392,0,0,1,1,3,1,6,0,1977.0,1,299,0,36,0,0,0,0,450,3,2010,161750
216,20,72.0,10011,5,6,1957,1996,64.0,360,0,710,1070,1236,0,0,1236,0,1,1,0,2,1,6,1,1957.0,1,447,0,0,0,0,0,0,0,5,2006,134450
217,20,65.0,8450,7,5,2004,2004,266.0,946,0,490,1436,1436,0,0,1436,1,0,2,0,3,1,8,0,2004.0,2,484,139,98,0,0,0,0,0,4,2008,210000
218,70,57.0,9906,4,4,1925,1950,0.0,0,0,686,686,810,518,0,1328,0,0,1,0,3,1,8,0,1940.0,1,210,0,172,60,0,0,0,0,9,2006,107000
219,50,,15660,7,9,1939,2006,312.0,341,0,457,798,1137,817,0,1954,0,1,1,1,3,1,8,2,1939.0,2,431,0,119,150,0,0,0,0,5,2008,311500
220,120,43.0,3010,7,5,2005,2006,16.0,16,0,1232,1248,1248,0,0,1248,0,0,2,0,2,1,5,0,2005.0,2,438,108,0,0,0,0,0,0,3,2006,167240
221,20,73.0,8990,7,5,2006,2006,0.0,0,0,1498,1498,1498,0,0,1498,0,0,2,0,2,1,5,0,2006.0,2,675,351,33,0,0,0,0,0,4,2006,204900
222,60,,8068,6,5,2002,2002,0.0,0,0,1010,1010,1010,1257,0,2267,0,0,2,1,4,1,8,1,2002.0,2,390,120,46,0,0,0,0,0,12,2009,200000
223,60,85.0,11475,6,6,1975,1975,0.0,550,0,163,713,811,741,0,1552,1,0,2,1,3,1,6,1,1975.0,2,434,209,208,0,0,0,0,0,2,2006,179900
224,20,70.0,10500,4,6,1971,1971,0.0,524,180,160,864,864,0,0,864,0,0,1,0,2,1,4,0,1989.0,2,576,216,0,0,0,0,0,0,3,2009,97000
225,20,103.0,13472,10,5,2003,2003,922.0,56,0,2336,2392,2392,0,0,2392,0,0,2,0,3,1,8,1,2003.0,3,968,248,105,0,0,0,0,0,6,2009,386250
226,160,21.0,1680,5,5,1971,1971,142.0,0,0,630,630,630,672,0,1302,0,0,2,1,3,1,6,0,1991.0,1,280,0,0,0,0,0,0,0,5,2009,112000
227,60,82.0,9950,7,5,1995,1995,290.0,565,0,638,1203,1214,1306,0,2520,0,0,2,1,4,1,9,1,1995.0,3,721,224,114,0,0,0,0,0,6,2007,290000
228,160,21.0,1869,6,6,1970,1970,127.0,321,0,162,483,483,504,0,987,0,0,1,1,2,1,5,0,1987.0,1,280,0,0,0,0,0,0,0,9,2008,106000
229,20,70.0,8521,5,5,1967,1967,0.0,842,0,70,912,912,0,0,912,0,0,1,0,3,1,5,1,1974.0,1,336,0,0,0,0,0,0,0,5,2010,125000
230,120,43.0,3182,7,5,2005,2006,16.0,16,0,1357,1373,1555,0,0,1555,0,0,2,0,2,1,7,1,2005.0,2,430,143,20,0,0,0,0,0,5,2009,192500
231,20,73.0,8760,6,6,1959,1959,220.0,0,0,1194,1194,1194,0,0,1194,1,0,1,0,3,1,6,0,1959.0,1,312,0,0,120,0,0,0,0,4,2010,148000
232,60,174.0,15138,8,5,1995,1996,506.0,689,0,773,1462,1490,1304,0,2794,1,0,2,1,4,1,9,1,1995.0,3,810,0,146,202,0,0,0,0,7,2009,403000
233,160,21.0,1680,6,5,1972,1972,297.0,0,0,483,483,483,504,0,987,0,0,1,1,2,1,5,1,1972.0,1,288,0,0,0,0,0,0,0,6,2006,94500
234,20,75.0,10650,5,6,1976,1976,0.0,182,712,0,894,894,0,0,894,1,0,1,0,3,1,5,0,1976.0,1,308,365,0,0,0,0,0,0,2,2010,128200
235,60,,7851,6,5,2002,2002,,625,0,235,860,860,1100,0,1960,1,0,2,1,4,1,8,2,2002.0,2,440,288,48,0,0,0,0,0,5,2010,216500
236,160,21.0,1680,6,3,1971,1971,604.0,358,0,125,483,483,504,0,987,0,0,1,1,2,1,5,0,1971.0,1,264,0,0,0,0,0,0,0,8,2008,89500
237,20,65.0,8773,7,5,2004,2004,98.0,24,0,1390,1414,1414,0,0,1414,0,0,2,0,3,1,6,0,2004.0,2,494,132,105,0,0,0,0,0,5,2010,185500
238,60,,9453,7,7,1993,2003,0.0,402,0,594,996,1014,730,0,1744,0,0,2,1,3,1,7,0,1993.0,2,457,370,70,0,238,0,0,0,2,2010,194500
239,20,93.0,12030,8,5,2007,2007,254.0,0,0,1694,1694,1694,0,0,1694,0,0,2,0,3,1,7,0,2007.0,3,818,168,228,0,0,0,0,0,12,2007,318000
240,50,52.0,8741,6,4,1945,1950,0.0,94,0,641,735,798,689,0,1487,0,0,1,1,3,1,7,1,1949.0,1,220,0,140,0,0,0,0,0,4,2010,113000
241,20,75.0,9000,8,5,2008,2008,36.0,1078,0,488,1566,1566,0,0,1566,1,0,2,0,3,1,7,0,2008.0,2,750,144,168,0,0,0,0,0,4,2010,262500
242,30,40.0,3880,5,9,1945,1997,0.0,329,0,357,686,866,0,0,866,0,0,1,0,2,1,4,0,,0,0,58,42,0,0,0,0,0,8,2007,110500
243,50,63.0,5000,5,4,1900,1950,0.0,0,0,540,540,889,551,0,1440,0,0,1,0,3,1,6,0,1940.0,1,352,0,0,77,0,0,0,0,4,2006,79000
244,160,75.0,10762,6,6,1980,1980,0.0,0,0,626,626,626,591,0,1217,0,0,1,1,3,1,6,1,1980.0,1,288,0,28,0,0,0,0,0,4,2009,120000
245,60,,8880,7,5,1994,2002,0.0,695,0,253,948,1222,888,0,2110,1,0,2,1,3,1,8,2,1994.0,2,463,0,130,0,0,0,0,0,5,2010,205000
246,20,80.0,10400,7,5,1988,1988,102.0,929,0,916,1845,1872,0,0,1872,0,1,2,0,3,1,6,1,1988.0,2,604,197,39,0,0,0,0,0,6,2006,241500
247,190,69.0,9142,6,8,1910,1950,0.0,0,0,1020,1020,908,1020,0,1928,0,0,2,0,4,2,9,0,1910.0,1,440,0,60,112,0,0,0,0,4,2006,137000
248,20,75.0,11310,6,5,1954,1954,0.0,0,0,1367,1367,1375,0,0,1375,0,0,1,0,2,1,5,1,1954.0,2,451,0,30,0,0,0,0,0,6,2006,140000
249,60,72.0,11317,7,5,2003,2003,101.0,0,0,840,840,840,828,0,1668,0,0,2,1,3,1,8,0,2003.0,2,500,144,68,0,0,0,0,0,9,2007,180000
250,50,,159000,6,7,1958,2006,472.0,697,0,747,1444,1444,700,0,2144,0,1,2,0,4,1,7,2,1958.0,2,389,0,98,0,0,0,0,500,6,2007,277000
251,30,55.0,5350,3,2,1940,1966,0.0,0,0,728,728,1306,0,0,1306,0,0,1,0,3,1,6,0,,0,0,263,0,0,0,0,0,450,5,2010,76500
252,120,44.0,4750,8,5,2006,2007,481.0,1573,0,0,1573,1625,0,0,1625,1,1,2,0,2,1,5,1,2006.0,2,538,123,0,0,0,153,0,0,12,2007,235000
253,60,65.0,8366,6,5,2004,2004,0.0,0,0,798,798,798,842,0,1640,0,0,2,1,3,1,6,0,2004.0,2,520,138,45,0,0,0,0,0,12,2008,173000
254,80,85.0,9350,6,7,1964,1991,108.0,270,580,452,1302,1302,0,0,1302,0,1,2,0,3,1,7,0,1964.0,1,309,333,0,0,0,0,0,0,10,2007,158000
255,20,70.0,8400,5,6,1957,1957,0.0,922,0,392,1314,1314,0,0,1314,1,0,1,0,3,1,5,0,1957.0,1,294,250,0,0,0,0,0,0,6,2010,145000
256,60,66.0,8738,7,5,1999,1999,302.0,0,0,975,975,1005,1286,0,2291,0,0,2,1,4,1,8,1,1999.0,2,429,192,0,0,0,0,0,0,2,2006,230000
257,60,64.0,8791,6,5,2003,2003,0.0,503,0,361,864,864,864,0,1728,0,0,2,1,3,1,7,0,2003.0,2,673,216,56,0,0,0,0,0,5,2008,207500
258,20,68.0,8814,7,5,2006,2006,180.0,1334,0,270,1604,1604,0,0,1604,1,0,2,1,3,1,8,1,2006.0,2,660,123,110,0,0,0,0,0,3,2009,220000
259,60,80.0,12435,7,5,2001,2001,172.0,361,0,602,963,963,829,0,1792,0,0,2,1,3,1,7,1,2001.0,2,564,0,96,0,245,0,0,0,5,2008,231500
260,20,70.0,12702,5,5,1956,1956,0.0,0,0,0,0,882,0,0,882,0,0,1,0,2,1,4,0,1956.0,1,308,0,45,0,0,0,0,0,12,2008,97000
261,80,120.0,19296,6,5,1962,1962,399.0,672,690,0,1362,1382,0,0,1382,1,0,1,0,3,1,6,1,1991.0,2,884,0,0,252,0,0,0,0,5,2009,176000
262,60,69.0,9588,8,5,2007,2007,270.0,0,0,1482,1482,1482,1092,0,2574,0,0,2,1,3,1,10,1,2007.0,3,868,0,148,0,0,0,0,0,11,2007,276000
263,80,88.0,8471,6,7,1977,1995,46.0,506,0,0,506,1212,0,0,1212,1,0,1,0,3,1,6,1,1978.0,2,492,292,12,0,0,0,0,0,7,2006,151000
264,50,50.0,5500,5,7,1929,2001,0.0,234,692,0,926,926,0,390,1316,1,0,1,0,3,1,6,0,1974.0,2,484,0,0,0,0,0,0,0,4,2010,130000
265,30,30.0,5232,5,5,1925,2004,0.0,0,0,680,680,764,0,0,764,0,0,1,0,2,1,4,0,1965.0,2,504,0,0,0,0,0,0,0,6,2008,73000
266,20,78.0,12090,6,6,1981,1981,210.0,588,228,606,1422,1422,0,0,1422,0,0,2,0,3,1,7,1,1981.0,2,576,276,0,0,0,0,0,0,6,2008,175500
267,60,70.0,11207,6,5,1997,1997,0.0,714,0,88,802,802,709,0,1511,1,0,2,1,3,1,8,1,1997.0,2,413,95,75,0,0,0,0,0,6,2006,185000
268,75,60.0,8400,5,8,1939,1997,0.0,378,0,342,720,1052,720,420,2192,0,0,2,1,4,1,8,1,1939.0,1,240,262,24,0,0,0,0,0,7,2008,179500
269,30,71.0,6900,5,6,1940,1955,0.0,403,125,212,740,778,0,0,778,0,0,1,0,2,1,4,1,1966.0,1,924,0,25,0,0,0,0,0,2,2008,120500
270,20,,7917,6,7,1976,1976,174.0,751,0,392,1143,1113,0,0,1113,1,0,1,1,3,1,6,1,1987.0,1,504,370,30,0,0,0,0,0,5,2007,148000
271,60,84.0,10728,8,5,2006,2006,0.0,0,0,1095,1095,1095,844,0,1939,0,0,2,1,3,1,8,1,2006.0,3,1053,192,51,0,0,0,0,0,8,2006,266000
272,20,73.0,39104,7,7,1954,2005,0.0,226,1063,96,1385,1363,0,0,1363,1,0,1,0,2,1,5,2,1954.0,2,439,81,0,0,0,0,0,0,4,2008,241500
273,60,92.0,11764,8,7,1999,2007,348.0,524,0,628,1152,1164,1106,0,2270,0,0,2,1,4,1,9,1,1999.0,3,671,132,57,0,0,0,0,0,4,2010,290000
274,20,80.0,9600,6,6,1958,1988,183.0,620,620,0,1240,1632,0,0,1632,1,0,2,0,3,1,6,1,1958.0,1,338,289,0,0,0,0,0,0,4,2009,139000
275,20,76.0,8314,5,7,1982,1982,0.0,546,0,270,816,816,0,0,816,0,0,1,0,2,1,5,0,1982.0,1,264,168,0,0,0,0,0,0,6,2007,124500
276,50,55.0,7264,7,7,1925,2007,0.0,0,0,952,952,952,596,0,1548,0,0,2,1,3,1,5,0,1978.0,2,672,74,0,0,0,144,0,0,10,2009,205000
277,20,129.0,9196,7,5,2003,2003,0.0,0,0,1560,1560,1560,0,0,1560,0,0,2,0,3,1,7,0,2003.0,2,573,100,150,0,0,0,0,0,4,2010,201000
278,20,140.0,19138,4,5,1951,1951,0.0,120,0,744,864,864,0,0,864,0,0,1,0,2,1,4,0,1951.0,2,400,0,0,0,0,0,0,0,6,2010,141000
279,20,107.0,14450,9,5,2006,2007,315.0,0,0,2121,2121,2121,0,0,2121,0,0,2,1,3,1,8,1,2007.0,3,732,124,98,0,0,142,0,0,5,2007,415298
280,60,83.0,10005,7,5,1977,1977,299.0,392,0,768,1160,1156,866,0,2022,0,0,2,1,4,1,8,1,1977.0,2,505,288,117,0,0,0,0,0,3,2008,192000
281,60,82.0,11287,7,6,1989,1989,340.0,421,0,386,807,1175,807,0,1982,0,0,2,1,3,1,7,1,1989.0,2,575,0,84,0,196,0,0,0,1,2007,228500
282,20,60.0,7200,6,5,2006,2006,68.0,905,0,357,1262,1262,0,0,1262,0,0,2,0,2,1,5,0,2006.0,2,572,0,120,0,0,0,0,0,5,2006,185000
283,120,34.0,5063,7,5,2007,2008,166.0,904,0,410,1314,1314,0,0,1314,1,0,2,0,2,1,6,1,2008.0,2,626,172,62,0,0,0,0,0,4,2009,207500
284,20,74.0,9612,8,5,2008,2009,72.0,0,0,1468,1468,1468,0,0,1468,0,0,2,0,3,1,6,1,2008.0,3,898,210,150,0,0,0,0,0,12,2009,244600
285,120,50.0,8012,6,5,1992,1992,0.0,430,0,1145,1575,1575,0,0,1575,1,0,2,0,2,1,5,0,1992.0,2,529,0,0,52,0,0,0,0,7,2007,179200
286,160,35.0,4251,7,5,2006,2007,0.0,0,0,625,625,625,625,0,1250,0,0,2,1,2,1,5,0,2006.0,2,528,0,54,0,0,0,0,0,6,2007,164700
287,50,77.0,9786,6,7,1962,1981,0.0,600,0,312,912,1085,649,0,1734,0,0,1,1,3,1,7,1,1962.0,2,440,0,0,0,0,128,0,0,6,2006,159000
288,20,,8125,4,4,1971,1971,0.0,614,0,244,858,858,0,0,858,0,0,1,0,3,1,5,0,,0,0,0,0,0,0,0,0,0,6,2006,88000
289,20,,9819,5,5,1967,1967,31.0,450,0,432,882,900,0,0,900,0,0,1,0,3,1,5,0,1970.0,1,280,0,0,0,0,0,0,0,2,2010,122000
290,70,60.0,8730,6,7,1915,2003,0.0,0,0,698,698,698,698,0,1396,0,0,1,0,3,1,7,0,2003.0,1,384,0,0,0,0,259,0,0,7,2007,153575
291,60,120.0,15611,8,5,2006,2006,0.0,0,0,1079,1079,1079,840,0,1919,0,0,2,1,3,1,8,1,2006.0,2,685,0,51,0,0,0,0,0,7,2006,233230
292,190,55.0,5687,5,6,1912,2000,0.0,210,0,570,780,936,780,0,1716,1,0,2,0,6,1,9,0,,0,0,0,184,0,0,0,0,0,3,2008,135900
293,50,60.0,11409,5,4,1949,2008,0.0,292,0,476,768,1148,568,0,1716,0,0,1,1,3,1,8,1,1949.0,1,281,0,0,0,0,160,0,0,1,2009,131000
294,60,,16659,7,7,1977,1994,34.0,795,0,0,795,1468,795,0,2263,1,0,2,1,3,1,9,1,1977.0,2,539,0,250,0,0,0,0,0,3,2006,235000
295,20,80.0,9600,6,5,1953,1953,238.0,1285,0,131,1416,1644,0,0,1644,1,0,1,0,3,1,7,2,1953.0,2,418,110,0,0,0,0,0,0,10,2009,167000
296,80,37.0,7937,6,6,1984,1984,0.0,819,0,184,1003,1003,0,0,1003,1,0,1,0,3,1,6,0,1984.0,2,588,120,0,0,0,0,0,0,3,2006,142500
297,50,75.0,13710,5,5,1950,1950,0.0,420,0,490,910,910,648,0,1558,0,0,1,1,4,1,6,0,1950.0,1,282,289,0,0,0,0,0,0,6,2007,152000
298,60,66.0,7399,7,5,1997,1998,1600.0,649,0,326,975,975,975,0,1950,0,0,2,1,3,1,7,1,1997.0,2,576,0,10,0,0,198,0,0,6,2007,239000
299,60,90.0,11700,6,6,1968,1968,365.0,384,175,143,702,1041,702,0,1743,0,1,1,2,3,1,7,1,1968.0,2,539,224,0,0,0,0,0,0,6,2007,175000
300,20,80.0,14000,6,8,1950,2004,0.0,0,0,1092,1092,1152,0,0,1152,0,1,1,0,3,1,6,1,1950.0,1,300,0,36,0,0,0,0,0,8,2009,158500
301,190,90.0,15750,5,5,1953,1953,56.0,841,0,324,1165,1336,0,0,1336,1,0,1,0,2,1,5,2,1953.0,1,375,0,0,0,0,0,0,0,6,2006,157000
302,60,66.0,16226,8,5,1998,1999,0.0,281,0,747,1028,1210,1242,0,2452,0,0,2,1,4,1,9,1,1998.0,2,683,208,50,0,0,0,0,0,5,2007,267000
303,20,118.0,13704,7,5,2001,2002,150.0,0,0,1541,1541,1541,0,0,1541,0,0,2,0,3,1,6,1,2001.0,3,843,468,81,0,0,0,0,0,1,2006,205000
304,20,70.0,9800,5,7,1972,1972,0.0,894,0,0,894,894,0,0,894,1,0,1,0,3,1,5,0,1975.0,2,552,256,0,0,0,0,0,0,7,2006,149900
305,75,87.0,18386,7,9,1880,2002,0.0,0,0,1470,1470,1675,1818,0,3493,0,0,3,0,3,1,10,1,2003.0,3,870,302,0,0,0,0,0,0,5,2008,295000
306,20,80.0,10386,8,5,2004,2005,246.0,1464,0,536,2000,2000,0,0,2000,1,0,2,0,3,1,8,0,2004.0,3,888,168,0,0,0,0,0,0,7,2007,305900
307,60,116.0,13474,7,5,1990,1991,246.0,700,0,0,700,1122,1121,0,2243,1,0,2,1,4,1,8,1,1990.0,3,746,127,44,224,0,0,0,0,6,2007,225000
308,50,,7920,6,7,1920,1950,0.0,0,0,319,319,1035,371,0,1406,0,0,1,0,3,1,6,0,,0,0,0,144,0,0,0,0,0,3,2008,89500
309,30,,12342,4,5,1940,1950,0.0,262,0,599,861,861,0,0,861,0,0,1,0,1,1,4,0,1961.0,2,539,158,0,0,0,0,0,0,3,2009,82500
310,20,90.0,12378,9,5,2003,2004,0.0,1274,0,622,1896,1944,0,0,1944,1,0,2,0,3,1,8,3,2003.0,3,708,208,175,0,0,0,0,0,11,2006,360000
311,60,,7685,6,5,1993,1994,112.0,518,0,179,697,697,804,0,1501,0,0,2,1,3,1,6,1,1993.0,2,420,190,63,0,0,0,0,0,5,2006,165600
312,20,50.0,8000,6,6,1948,2002,0.0,680,0,292,972,972,0,0,972,1,0,1,0,2,1,5,1,1948.0,1,240,0,0,0,0,0,0,0,5,2009,132000
313,190,65.0,7800,5,7,1939,1950,0.0,507,0,286,793,793,325,0,1118,1,0,1,0,3,1,5,1,1939.0,2,410,0,0,0,0,271,0,0,5,2006,119900
314,20,150.0,215245,7,5,1965,1965,0.0,1236,820,80,2136,2036,0,0,2036,2,0,2,0,3,1,8,2,1965.0,2,513,0,0,0,0,0,0,0,6,2009,375000
315,70,60.0,9600,7,7,1925,1990,0.0,16,0,712,728,832,809,0,1641,0,1,1,1,3,1,6,1,1925.0,2,546,0,0,234,0,0,0,0,8,2006,178000
316,60,71.0,7795,7,5,2004,2005,0.0,425,0,291,716,716,716,0,1432,1,0,2,1,3,1,6,1,2004.0,2,432,100,51,0,0,0,0,0,7,2009,188500
317,60,94.0,13005,7,7,1980,1980,278.0,692,0,153,845,1153,1200,0,2353,1,0,2,1,4,1,10,1,1983.0,2,484,288,195,0,0,0,0,0,8,2009,260000
318,60,75.0,9000,8,5,2006,2006,0.0,0,0,1088,1088,1088,871,0,1959,0,0,2,1,3,1,8,1,2006.0,3,1025,208,46,0,0,0,0,0,12,2007,270000
319,60,90.0,9900,7,5,1993,1993,256.0,987,0,360,1347,1372,1274,0,2646,1,0,2,1,4,1,9,1,1993.0,3,656,340,60,144,0,0,0,0,4,2009,260000
320,80,,14115,7,5,1980,1980,225.0,1036,0,336,1372,1472,0,0,1472,1,0,2,0,3,1,6,2,1980.0,2,588,233,48,0,0,0,0,0,6,2009,187500
321,60,111.0,16259,9,5,2006,2006,370.0,0,0,1249,1249,1249,1347,0,2596,0,0,3,1,4,1,9,0,2006.0,3,840,240,154,0,0,0,0,0,9,2006,342643
322,60,99.0,12099,8,5,2004,2004,388.0,970,0,166,1136,1136,1332,0,2468,1,0,2,1,4,1,10,1,2004.0,3,872,184,154,0,0,0,0,0,6,2007,354000
323,60,86.0,10380,7,5,1986,1987,172.0,28,1474,0,1502,1553,1177,0,2730,1,0,2,1,4,1,8,1,1987.0,2,576,201,96,0,0,0,0,0,8,2007,301000
324,20,49.0,5820,3,8,1955,2005,0.0,256,0,906,1162,1163,0,0,1163,1,0,1,0,3,1,6,0,1955.0,1,220,142,98,0,0,0,0,0,7,2006,126175
325,80,96.0,11275,7,7,1967,2007,300.0,0,0,710,710,1898,1080,0,2978,0,0,2,1,5,1,11,1,1961.0,2,564,240,0,0,0,0,0,0,6,2010,242000
326,45,50.0,5000,5,6,1941,1950,0.0,116,0,604,720,803,0,0,803,0,0,1,0,2,1,5,0,1941.0,2,360,0,0,244,0,0,0,0,12,2007,87000
327,120,32.0,10846,8,5,1993,1993,0.0,1619,0,100,1719,1719,0,0,1719,2,0,1,1,1,1,6,2,1993.0,2,473,122,30,0,0,0,0,0,5,2008,324000
328,20,80.0,11600,6,5,1960,1960,175.0,565,0,818,1383,1383,0,0,1383,0,0,1,1,3,1,7,0,1960.0,1,292,0,45,0,0,0,0,0,4,2006,145250
329,75,,11888,6,6,1916,1994,0.0,0,0,844,844,1445,689,0,2134,0,0,2,0,5,1,10,0,1930.0,2,441,0,60,268,0,0,0,0,7,2009,214500
330,70,60.0,6402,5,5,1920,1950,0.0,0,0,596,596,596,596,0,1192,0,0,1,0,3,1,6,0,1920.0,1,189,0,0,137,0,0,0,0,7,2009,78000
331,90,,10624,5,4,1964,1964,84.0,40,264,1424,1728,1728,0,0,1728,0,1,2,0,6,2,10,0,2002.0,1,352,155,0,0,0,0,0,0,11,2007,119000
332,20,70.0,8176,5,6,1958,1992,0.0,846,0,210,1056,1056,0,0,1056,1,0,1,0,3,1,6,0,1958.0,1,308,0,0,0,0,0,0,0,8,2007,139000
333,20,85.0,10655,8,5,2003,2004,296.0,1124,479,1603,3206,1629,0,0,1629,1,0,2,0,3,1,7,1,2003.0,3,880,0,0,0,0,0,0,0,10,2009,284000
334,120,59.0,8198,7,5,2004,2004,146.0,720,0,638,1358,1358,0,0,1358,1,0,2,0,2,1,6,1,2004.0,2,484,192,30,0,0,0,0,0,7,2008,207000
335,60,59.0,9042,6,5,1998,1998,0.0,828,0,115,943,943,695,0,1638,1,0,2,1,3,1,7,2,1998.0,2,472,100,38,0,0,0,0,0,7,2008,192000
336,190,,164660,5,6,1965,1965,0.0,1249,147,103,1499,1619,167,0,1786,2,0,2,0,3,1,7,2,1965.0,2,529,670,0,0,0,0,0,700,8,2008,228950
337,20,86.0,14157,9,5,2005,2006,200.0,1249,0,673,1922,1922,0,0,1922,1,0,2,0,3,1,8,1,2005.0,3,676,178,51,0,0,0,0,0,7,2007,377426
338,20,70.0,9135,7,5,2002,2003,113.0,810,0,726,1536,1536,0,0,1536,1,0,2,0,3,1,7,0,2002.0,2,532,192,74,0,0,0,0,0,12,2008,214000
339,20,91.0,14145,7,7,1984,1998,0.0,213,0,995,1208,1621,0,0,1621,1,0,2,0,3,1,8,0,1984.0,2,440,108,45,0,0,0,0,400,5,2006,202500
340,20,66.0,12400,6,7,1958,1998,176.0,585,0,630,1215,1215,0,0,1215,0,0,1,0,3,1,6,0,1958.0,1,297,0,0,0,0,234,0,0,6,2009,155000
341,60,85.0,14191,8,5,2002,2002,0.0,0,0,967,967,993,915,0,1908,0,0,2,1,4,1,9,0,2002.0,2,431,135,0,0,0,0,0,0,4,2010,202900
342,20,60.0,8400,4,4,1950,1950,0.0,0,0,721,721,841,0,0,841,0,0,1,0,2,1,4,0,1950.0,1,294,250,0,24,0,0,0,0,9,2009,82000
343,90,,8544,3,4,1949,1950,340.0,0,0,0,0,1040,0,0,1040,0,0,2,0,2,2,6,0,1949.0,2,400,0,0,0,0,0,0,0,5,2006,87500
344,120,63.0,8849,9,5,2005,2005,616.0,28,0,1656,1684,1684,0,0,1684,0,0,2,0,2,1,6,1,2005.0,2,564,495,72,0,0,0,0,0,7,2008,266000
345,160,36.0,2592,5,3,1976,1976,0.0,129,232,175,536,536,576,0,1112,0,0,1,1,3,1,4,0,1976.0,1,336,182,0,0,0,0,0,0,4,2010,85000
346,50,65.0,6435,6,5,1939,1950,0.0,0,0,972,972,972,605,0,1577,0,0,1,0,3,1,6,1,1939.0,1,312,0,0,0,0,0,0,0,10,2006,140200
347,20,,12772,6,8,1960,1998,0.0,498,0,460,958,958,0,0,958,0,0,1,0,2,1,5,0,1960.0,1,301,0,0,0,0,0,0,15500,4,2007,151500
348,20,,17600,6,5,1960,1960,30.0,1270,0,208,1478,1478,0,0,1478,1,0,2,0,3,1,6,2,1960.0,2,498,0,40,0,0,0,0,0,12,2009,157500
349,160,36.0,2448,7,5,2003,2004,106.0,573,0,191,764,764,862,0,1626,1,0,2,1,2,1,6,0,2003.0,2,474,0,27,0,0,0,0,0,10,2008,154000
350,60,56.0,20431,9,5,2005,2006,870.0,1410,0,438,1848,1848,880,0,2728,1,0,2,1,4,1,10,2,2006.0,3,706,0,0,0,0,0,0,0,4,2006,437154
351,120,68.0,7820,9,5,2007,2007,362.0,0,0,1869,1869,1869,0,0,1869,0,0,2,0,2,1,6,1,2007.0,2,617,210,54,0,0,0,0,0,12,2007,318061
352,120,,5271,7,5,1986,1986,0.0,1082,0,371,1453,1453,0,0,1453,1,0,1,1,2,1,6,1,1986.0,2,445,0,80,0,0,184,0,0,12,2006,190000
353,50,60.0,9084,5,6,1941,1950,0.0,236,380,0,616,616,495,0,1111,0,1,1,0,3,1,5,0,1941.0,1,200,48,0,0,0,0,0,0,3,2008,95000
354,30,60.0,8520,6,8,1928,2003,0.0,0,0,624,624,720,0,0,720,0,0,1,0,2,1,5,0,2005.0,2,484,106,0,0,0,0,0,0,5,2010,105900
355,50,60.0,8400,6,5,1940,2000,0.0,388,0,552,940,1192,403,0,1595,0,0,1,0,2,1,6,2,1940.0,1,240,0,0,108,0,0,0,0,6,2006,140000
356,20,105.0,11249,6,5,1995,1995,0.0,334,544,322,1200,1200,0,0,1200,1,0,2,0,3,1,6,0,1995.0,2,521,0,26,0,0,0,0,0,8,2007,177500
357,20,,9248,6,6,1992,1992,106.0,560,0,598,1158,1167,0,0,1167,1,0,2,0,3,1,6,0,1992.0,2,400,120,26,0,0,0,0,0,7,2009,173000
358,120,44.0,4224,5,5,1976,1976,0.0,874,0,268,1142,1142,0,0,1142,1,0,1,1,3,1,6,1,1976.0,2,528,536,90,0,0,0,0,0,8,2007,134000
359,80,92.0,6930,5,4,1958,1958,120.0,300,294,468,1062,1352,0,0,1352,0,1,1,0,3,1,6,0,1958.0,1,288,168,0,294,0,0,0,0,7,2006,130000
360,60,78.0,12011,8,5,1998,1998,530.0,956,0,130,1086,1086,838,0,1924,1,0,2,1,3,1,7,1,1998.0,2,592,208,75,0,0,374,0,0,6,2006,280000
361,85,,7540,6,6,1978,1978,0.0,773,0,115,888,912,0,0,912,1,0,1,0,2,1,5,1,1978.0,2,470,0,0,0,0,192,0,0,6,2007,156000
362,50,,9144,5,5,1940,1982,0.0,399,0,484,883,988,517,0,1505,1,0,1,0,3,1,8,0,1940.0,1,240,0,0,0,0,0,0,0,7,2008,145000
363,85,64.0,7301,7,5,2003,2003,500.0,0,0,0,0,495,1427,0,1922,0,0,3,0,4,1,7,1,2003.0,2,672,0,0,177,0,0,0,0,7,2009,198500
364,160,21.0,1680,6,8,1972,2007,510.0,162,0,321,483,483,504,0,987,0,0,1,1,2,1,5,0,1972.0,1,264,250,0,0,0,0,0,0,5,2009,118000
365,60,,18800,6,5,1976,1976,120.0,712,0,84,796,790,784,0,1574,1,0,2,1,3,1,6,1,1976.0,2,566,306,111,0,0,0,0,0,7,2006,190000
366,70,59.0,10690,5,7,1920,1997,0.0,456,0,216,672,672,672,0,1344,0,0,1,0,3,1,6,0,1964.0,1,468,0,128,218,0,0,0,0,7,2009,147000
367,20,,9500,6,5,1963,1963,247.0,609,0,785,1394,1394,0,0,1394,1,0,1,1,3,1,6,2,1963.0,2,514,0,76,0,0,185,0,0,7,2009,159000
368,80,101.0,9150,6,5,1962,1962,305.0,371,0,728,1099,1431,0,0,1431,0,1,1,0,3,1,6,1,1962.0,1,296,64,110,0,0,0,0,0,12,2008,165000
369,20,78.0,7800,5,6,1954,1954,200.0,540,0,728,1268,1268,0,0,1268,0,0,1,0,2,1,7,1,1954.0,1,244,0,98,0,0,0,0,0,3,2010,132000
370,20,,9830,5,7,1959,2006,0.0,72,258,733,1063,1287,0,0,1287,1,0,1,0,3,1,7,1,1997.0,2,576,364,17,0,0,182,0,0,3,2010,162000
371,60,,8121,6,5,2000,2000,0.0,0,0,953,953,953,711,0,1664,0,0,2,1,3,1,7,1,2000.0,2,460,100,40,0,0,0,0,0,1,2006,172400
372,50,80.0,17120,4,4,1959,1959,0.0,0,0,0,0,1120,468,0,1588,0,0,2,0,4,1,7,1,1991.0,2,680,0,59,0,0,0,0,0,7,2008,134432
373,120,50.0,7175,6,5,1984,1984,0.0,623,121,0,744,752,0,0,752,1,0,1,0,2,1,4,0,1984.0,1,264,353,0,0,0,90,0,0,2,2010,125000
374,20,79.0,10634,5,6,1953,1953,0.0,428,180,0,608,1319,0,0,1319,1,0,1,0,3,1,5,0,1953.0,1,270,66,0,0,0,0,0,0,11,2009,123000
375,60,65.0,8200,7,5,2003,2004,0.0,0,0,847,847,847,1081,0,1928,0,0,2,1,4,1,8,1,2003.0,2,434,100,48,0,0,0,0,0,7,2007,219500
376,30,,10020,1,1,1922,1950,0.0,350,0,333,683,904,0,0,904,1,0,0,1,1,1,4,0,,0,0,0,0,0,0,0,0,0,3,2009,61000
377,85,57.0,8846,5,5,1996,1996,0.0,298,0,572,870,914,0,0,914,0,0,1,0,2,1,5,0,1998.0,2,576,0,0,0,0,0,0,0,7,2006,148000
378,60,102.0,11143,8,5,2004,2005,0.0,0,0,1580,1580,1580,886,0,2466,0,0,3,0,4,1,8,1,2004.0,2,610,159,214,0,0,0,0,0,12,2007,340000
379,20,88.0,11394,9,2,2010,2010,350.0,1445,0,411,1856,1856,0,0,1856,1,0,1,1,1,1,8,1,2010.0,3,834,113,0,0,0,0,0,0,6,2010,394432
380,60,60.0,8123,6,5,2000,2000,16.0,0,0,982,982,1007,793,0,1800,0,0,2,1,3,1,7,1,2000.0,2,463,100,63,0,0,0,0,0,6,2009,179000
381,50,50.0,5000,5,6,1924,1950,0.0,218,0,808,1026,1026,665,0,1691,0,0,2,0,3,1,6,1,1924.0,1,308,0,0,242,0,0,0,0,5,2010,127000
382,20,60.0,7200,7,5,2006,2006,0.0,0,0,1293,1293,1301,0,0,1301,1,0,2,0,2,1,5,1,2006.0,2,572,216,121,0,0,0,0,0,8,2006,187750
383,60,79.0,9245,7,5,2006,2006,0.0,0,0,939,939,939,858,0,1797,0,0,2,1,3,1,8,0,2006.0,2,639,144,53,0,0,0,0,0,4,2007,213500
384,45,60.0,9000,6,3,1928,1950,0.0,0,0,784,784,784,0,0,784,0,0,1,0,2,1,5,0,1950.0,2,360,0,0,91,0,0,0,0,10,2009,76000
385,60,,53107,6,5,1992,1992,0.0,985,0,595,1580,1079,874,0,1953,1,0,2,1,3,1,9,2,1992.0,2,501,216,231,0,0,0,0,0,6,2007,240000
386,120,43.0,3182,8,5,2004,2005,16.0,24,0,1232,1256,1269,0,0,1269,0,0,2,0,2,1,6,1,2004.0,2,430,146,20,0,0,144,0,0,4,2010,192000
387,50,58.0,8410,5,3,1910,1996,0.0,0,0,658,658,658,526,0,1184,0,0,1,0,5,1,8,0,,0,0,0,151,0,0,0,0,0,5,2006,81000
388,80,72.0,7200,6,6,1976,1976,255.0,631,0,410,1041,1125,0,0,1125,1,0,1,0,3,1,6,1,1977.0,1,352,296,0,0,0,0,0,0,10,2009,125000
389,20,93.0,9382,7,5,1999,2000,125.0,0,0,1468,1468,1479,0,0,1479,0,0,2,0,3,1,6,0,1999.0,2,577,120,25,0,0,0,0,0,7,2008,191000
390,60,96.0,12474,10,5,2007,2008,272.0,1280,0,402,1682,1742,590,0,2332,1,0,2,1,3,1,9,1,2008.0,3,846,196,134,0,0,0,0,0,8,2008,426000
391,50,50.0,8405,5,8,1900,1950,0.0,241,391,229,861,961,406,0,1367,1,0,1,0,4,1,7,0,1978.0,1,384,0,130,112,0,0,0,0,4,2008,119000
392,60,71.0,12209,6,5,2001,2002,0.0,690,0,114,804,804,1157,0,1961,1,0,2,1,3,1,7,1,2001.0,2,560,125,192,0,0,0,0,0,6,2009,215000
393,20,,8339,5,7,1959,1959,0.0,0,0,0,0,882,0,0,882,0,0,1,0,3,1,5,0,1959.0,1,294,0,0,0,0,0,0,1200,7,2007,106500
394,30,,7446,4,5,1941,1950,0.0,266,0,522,788,788,0,0,788,0,0,1,0,2,1,4,2,,0,0,0,0,0,0,0,0,0,4,2006,100000
395,50,60.0,10134,5,6,1940,1950,0.0,0,0,735,735,735,299,0,1034,0,0,1,0,2,1,5,0,1940.0,1,240,0,39,0,0,0,0,0,7,2007,109000
396,20,68.0,9571,5,6,1956,1956,0.0,739,0,405,1144,1144,0,0,1144,1,0,1,0,3,1,6,0,1956.0,1,596,44,0,0,0,0,0,0,6,2010,129000
397,20,60.0,7200,5,5,1972,1972,0.0,777,0,117,894,894,0,0,894,0,0,1,0,2,1,6,0,1985.0,2,600,215,0,0,0,0,0,0,9,2009,123000
398,60,69.0,7590,5,5,1962,1962,288.0,540,0,324,864,876,936,0,1812,0,0,2,0,4,1,8,1,1962.0,1,264,0,168,0,0,0,0,0,7,2007,169500
399,30,60.0,8967,5,2,1920,1950,0.0,0,0,961,961,1077,0,0,1077,0,0,1,0,2,1,6,0,1920.0,1,338,0,0,0,0,0,0,0,11,2007,67000
400,60,65.0,8125,7,5,2006,2007,100.0,812,0,280,1092,1112,438,0,1550,1,0,2,0,2,1,7,0,2007.0,2,438,0,168,0,0,0,0,0,10,2009,241000
401,120,38.0,14963,8,5,1996,1996,0.0,786,0,474,1260,1288,0,0,1288,1,0,1,1,1,1,4,2,1996.0,2,500,120,30,0,0,224,0,0,12,2008,245500
402,20,65.0,8767,7,5,2005,2005,0.0,24,0,1286,1310,1310,0,0,1310,0,0,2,0,3,1,6,1,2005.0,2,400,0,0,0,0,0,0,0,7,2006,164990
403,30,60.0,10200,5,8,1940,1997,0.0,0,0,672,672,672,0,0,672,0,0,1,0,2,1,4,0,1940.0,1,240,168,0,0,0,0,0,0,8,2008,108000
404,60,93.0,12090,8,5,1998,1998,650.0,0,0,1141,1141,1165,1098,0,2263,0,0,2,1,4,1,10,1,1998.0,2,420,144,123,0,0,0,0,0,7,2006,258000
405,60,,10364,6,5,1995,1996,0.0,0,0,806,806,806,766,0,1572,0,0,2,1,3,1,7,1,1995.0,2,373,0,40,0,0,0,0,0,5,2007,168000
406,20,,9991,4,4,1976,1993,0.0,1116,0,165,1281,1620,0,0,1620,1,0,2,0,3,1,8,1,1993.0,2,490,120,78,0,0,0,0,0,6,2009,150000
407,50,51.0,10480,6,5,1936,1950,0.0,0,0,1064,1064,1166,0,473,1639,0,0,1,0,3,1,6,0,1936.0,1,240,0,0,0,0,0,0,0,3,2008,115000
408,70,63.0,15576,6,7,1915,1976,0.0,0,0,840,840,840,840,0,1680,0,0,2,0,4,1,8,0,1960.0,1,308,0,0,160,0,0,0,0,3,2008,177000
409,60,109.0,14154,7,5,2006,2006,350.0,0,0,1063,1063,1071,1101,0,2172,0,0,2,1,3,1,9,1,2006.0,3,947,192,62,0,0,0,0,0,8,2007,280000
410,60,85.0,10800,8,5,2007,2008,100.0,789,0,245,1034,1050,1028,0,2078,1,0,2,1,3,1,8,1,2008.0,3,836,0,102,0,0,0,0,0,4,2008,339750
411,20,68.0,9571,5,3,1958,1958,0.0,0,0,1276,1276,1276,0,0,1276,0,0,1,0,3,1,5,0,1958.0,1,350,0,0,0,0,0,0,0,6,2009,60000
412,190,100.0,34650,5,5,1955,1955,0.0,1056,0,0,1056,1056,0,0,1056,1,0,1,0,3,1,5,0,1955.0,2,572,264,0,0,0,0,0,0,1,2006,145000
413,20,,4403,7,5,2009,2009,432.0,578,0,892,1470,1478,0,0,1478,1,0,2,1,2,1,7,1,2009.0,2,484,0,144,0,0,0,0,0,6,2010,222000
414,30,56.0,8960,5,6,1927,1950,0.0,0,0,1008,1008,1028,0,0,1028,0,0,1,0,2,1,5,1,1927.0,2,360,0,0,130,0,0,0,0,3,2010,115000
415,60,59.0,11228,7,5,1993,1993,0.0,50,531,499,1080,1080,1017,0,2097,0,1,2,1,3,1,9,1,1993.0,3,678,196,187,0,0,0,0,0,12,2008,228000
416,20,73.0,8899,7,5,2007,2007,0.0,24,0,1316,1340,1340,0,0,1340,0,0,2,0,3,1,6,0,2007.0,2,396,100,30,0,0,0,0,0,8,2007,181134
417,60,74.0,7844,6,7,1978,1978,203.0,209,0,463,672,672,728,0,1400,0,0,1,1,3,1,6,1,1978.0,2,440,0,0,0,0,0,0,0,3,2006,149500
418,70,86.0,22420,6,6,1918,1950,0.0,1128,0,242,1370,1370,1254,0,2624,1,0,2,1,4,1,10,1,1918.0,3,864,0,0,0,0,0,0,0,11,2007,239000
419,50,60.0,8160,5,6,1940,1950,0.0,312,0,444,756,756,378,0,1134,1,0,1,1,3,1,7,0,1940.0,1,240,0,0,0,0,0,0,0,4,2007,126000
420,20,65.0,8450,5,6,1968,1968,0.0,775,0,281,1056,1056,0,0,1056,1,0,1,0,3,1,6,1,1968.0,1,304,0,85,184,0,0,0,0,7,2010,142000
421,90,78.0,7060,7,5,1997,1998,200.0,1309,0,35,1344,1344,0,0,1344,2,0,2,0,2,2,8,0,1997.0,4,784,0,0,0,0,0,0,0,11,2008,206300
422,20,,16635,6,7,1977,2000,126.0,1246,0,356,1602,1602,0,0,1602,0,1,2,0,3,1,8,1,1977.0,2,529,240,0,0,0,0,0,0,6,2009,215000
423,20,100.0,21750,5,5,1954,1954,0.0,0,0,988,988,988,0,0,988,0,0,1,0,2,1,4,0,1954.0,2,520,0,0,0,0,0,0,0,2,2008,113000
424,60,80.0,9200,8,5,1998,1998,473.0,986,0,484,1470,1470,1160,0,2630,1,0,2,1,4,1,8,1,1998.0,3,696,0,66,0,0,0,0,0,6,2008,315000
425,20,72.0,9000,6,5,1956,1956,74.0,616,0,580,1196,1196,0,0,1196,1,0,1,0,2,1,6,1,1956.0,1,297,0,44,0,0,0,0,0,5,2008,139000
426,60,60.0,3378,7,8,1946,1992,0.0,0,0,651,651,707,682,0,1389,0,0,1,1,3,1,6,2,1947.0,1,240,0,0,126,0,0,0,0,9,2009,135000
427,80,,12800,7,5,1989,1989,145.0,1518,0,0,1518,1644,0,0,1644,1,1,2,0,2,1,5,1,1989.0,2,569,80,0,0,0,396,0,0,8,2009,275000
428,20,77.0,8593,4,6,1957,1957,0.0,288,0,619,907,907,0,0,907,0,0,1,0,3,1,5,0,1964.0,1,352,0,0,0,0,0,0,0,7,2008,109008
429,20,64.0,6762,7,5,2007,2007,108.0,664,0,544,1208,1208,0,0,1208,1,0,2,0,2,1,6,0,2007.0,2,628,105,54,0,0,0,0,0,9,2007,195400
430,20,130.0,11457,6,5,1988,1988,0.0,1005,0,387,1392,1412,0,0,1412,1,0,2,0,3,1,6,1,1988.0,2,576,0,0,169,0,0,0,0,3,2009,175000
431,160,21.0,1680,6,5,1971,1971,232.0,387,0,96,483,483,504,0,987,0,0,1,1,2,1,4,0,1971.0,1,264,0,0,0,0,0,0,0,7,2008,85400
432,50,60.0,5586,6,7,1920,1998,0.0,0,0,901,901,1088,110,0,1198,0,0,1,0,4,1,7,0,,0,0,0,98,0,0,0,0,0,9,2008,79900
433,160,24.0,1920,5,5,1971,1971,376.0,471,0,294,765,765,600,0,1365,1,0,1,1,2,1,6,0,1971.0,2,440,240,36,0,0,0,0,0,8,2007,122500
434,60,100.0,10839,6,5,1997,1998,0.0,0,0,926,926,926,678,0,1604,0,0,2,1,3,1,7,1,1997.0,2,470,0,36,0,0,0,0,0,7,2008,181000
435,180,21.0,1890,4,7,1972,1972,0.0,495,0,135,630,630,0,0,630,1,0,1,0,1,1,3,0,,0,0,88,0,0,0,0,0,0,6,2008,81000
436,60,43.0,10667,7,6,1996,1996,0.0,385,344,70,799,827,834,0,1661,1,0,2,1,3,1,6,1,1996.0,2,550,158,61,0,0,0,0,0,4,2009,212000
437,50,40.0,4400,6,8,1920,1950,0.0,0,0,648,648,734,384,0,1118,0,0,1,0,2,1,6,0,1990.0,2,440,0,0,0,0,0,0,0,10,2006,116000
438,45,50.0,6000,6,7,1926,2004,0.0,0,0,884,884,904,0,0,904,0,0,1,0,2,1,4,0,1926.0,1,180,0,0,105,0,0,0,0,1,2009,119000
439,30,40.0,4280,5,6,1913,2002,0.0,365,0,75,440,694,0,0,694,0,0,1,0,2,1,4,1,1990.0,1,352,0,0,34,0,0,0,0,3,2007,90350
440,50,67.0,12354,6,8,1920,2000,0.0,0,0,684,684,684,512,0,1196,0,0,1,0,3,1,7,0,2005.0,2,528,0,46,0,0,0,0,800,8,2009,110000
441,20,105.0,15431,10,5,2008,2008,200.0,1767,539,788,3094,2402,0,0,2402,1,0,2,0,2,1,10,2,2008.0,3,672,0,72,0,0,170,0,0,4,2009,555000
442,90,92.0,12108,4,4,1955,1955,270.0,133,0,1307,1440,1440,0,0,1440,0,0,2,0,4,2,8,0,,0,0,0,0,0,0,0,0,0,9,2008,118000
443,50,52.0,6240,5,7,1930,1992,0.0,0,0,1078,1078,1128,445,0,1573,0,0,2,0,3,1,8,1,1930.0,2,360,0,0,0,0,0,0,0,6,2008,162900
444,120,53.0,3922,7,5,2006,2007,72.0,0,0,1258,1258,1258,0,0,1258,0,0,2,0,2,1,6,1,2007.0,3,648,144,16,0,0,0,0,0,6,2007,172500
445,60,70.0,8750,7,5,1994,1995,0.0,642,0,273,915,933,975,0,1908,1,0,2,1,4,1,8,1,1994.0,2,493,144,133,0,0,0,0,0,7,2008,210000
446,20,73.0,9855,6,5,1956,1956,0.0,0,0,1436,1436,1689,0,0,1689,0,0,1,0,3,1,7,1,1956.0,2,480,0,0,0,0,0,0,0,11,2009,127500
447,20,137.0,16492,6,6,1966,2002,0.0,247,713,557,1517,1888,0,0,1888,0,0,2,1,2,1,6,1,1966.0,2,578,0,0,0,0,0,0,0,6,2010,190000
448,60,,11214,7,5,1998,1999,0.0,0,0,930,930,956,930,0,1886,0,0,2,1,4,1,10,1,1998.0,2,431,89,0,0,0,0,0,0,7,2006,199900
449,50,50.0,8600,6,6,1937,1950,0.0,0,0,780,780,780,596,0,1376,0,0,2,0,3,1,7,1,1937.0,1,198,0,0,0,0,0,0,0,6,2006,119500
450,50,50.0,6000,3,7,1948,2002,0.0,331,0,318,649,679,504,0,1183,0,0,1,1,2,1,6,0,1981.0,1,308,0,176,0,0,0,0,0,6,2007,120000
451,30,70.0,5684,6,8,1930,2005,0.0,0,0,813,813,813,0,0,813,0,0,1,0,2,1,5,0,1932.0,1,270,0,113,0,0,0,0,0,6,2006,110000
452,20,62.0,70761,7,5,1975,1975,0.0,655,0,878,1533,1533,0,0,1533,1,0,2,0,2,1,5,2,1975.0,2,576,200,54,0,0,0,0,0,12,2006,280000
453,60,,9303,6,5,1996,1997,42.0,742,0,130,872,888,868,0,1756,1,0,2,1,3,1,7,0,1996.0,2,422,144,122,0,0,0,0,0,7,2007,204000
454,60,75.0,9000,8,5,2008,2008,0.0,0,0,768,768,786,804,0,1590,0,0,2,1,3,1,6,0,2008.0,2,676,0,30,0,0,0,0,0,6,2009,210000
455,90,63.0,9297,5,5,1976,1976,0.0,1606,0,122,1728,1728,0,0,1728,2,0,2,0,4,2,8,0,1976.0,2,560,0,0,0,0,0,0,0,7,2006,188000
456,20,80.0,9600,7,6,1973,1973,320.0,916,0,326,1242,1242,0,0,1242,0,0,1,1,3,1,6,1,1973.0,2,528,0,0,0,0,0,0,0,9,2007,175500
457,70,34.0,4571,5,5,1916,1950,0.0,0,0,624,624,624,720,0,1344,0,0,1,0,4,1,7,0,1916.0,3,513,0,0,96,0,0,0,0,5,2008,98000
458,20,,53227,4,6,1954,1994,0.0,1116,0,248,1364,1663,0,0,1663,1,0,1,0,2,1,6,2,1954.0,2,529,224,137,0,0,0,0,0,3,2008,256000
459,70,,5100,8,7,1925,1996,0.0,0,0,588,588,833,833,0,1666,0,0,1,0,3,1,7,1,1925.0,1,228,192,63,0,0,0,0,0,6,2008,161000
460,50,,7015,5,4,1950,1950,161.0,185,0,524,709,979,224,0,1203,1,0,1,0,3,1,5,1,1950.0,1,352,0,0,248,0,0,0,0,7,2009,110000
461,60,75.0,8004,8,5,2009,2009,110.0,544,0,288,832,832,1103,0,1935,1,0,2,1,3,1,8,0,2009.0,2,552,0,150,0,0,0,0,0,12,2009,263435
462,70,60.0,7200,7,9,1936,2007,0.0,350,210,0,560,575,560,0,1135,1,0,1,0,3,1,6,0,1971.0,2,576,256,0,0,0,0,0,0,4,2009,155000
463,20,60.0,8281,5,5,1965,1965,0.0,553,311,0,864,864,0,0,864,0,0,1,0,3,1,5,1,1965.0,1,360,0,0,236,0,0,0,0,12,2009,62383
464,70,74.0,11988,6,7,1934,1995,0.0,326,0,389,715,849,811,0,1660,0,0,1,1,3,1,6,1,1939.0,1,240,0,0,0,0,0,0,0,8,2008,188700
465,20,60.0,8430,5,5,1978,1978,136.0,616,0,424,1040,1040,0,0,1040,0,0,2,0,3,1,5,0,,0,0,0,0,0,0,0,0,0,8,2009,124000
466,120,,3072,7,5,2004,2004,18.0,0,0,1375,1375,1414,0,0,1414,0,0,2,0,2,1,6,1,2004.0,2,398,144,20,0,0,0,0,0,5,2006,178740
467,20,85.0,10628,7,5,1970,1970,0.0,778,0,499,1277,1277,0,0,1277,1,0,1,0,2,1,5,1,1970.0,2,526,0,0,0,0,176,0,0,4,2007,167000
468,70,79.0,9480,5,7,1942,1995,224.0,386,0,342,728,888,756,0,1644,0,0,1,1,3,1,7,2,1942.0,1,312,168,0,0,0,0,0,0,6,2007,146500
469,20,98.0,11428,8,5,2006,2006,248.0,0,0,1626,1626,1634,0,0,1634,0,0,2,0,3,1,7,1,2006.0,3,866,0,44,0,0,0,0,0,5,2007,250000
470,60,76.0,9291,6,5,1993,1993,120.0,426,0,406,832,832,878,0,1710,0,0,2,1,3,1,7,0,1993.0,2,506,144,70,0,0,0,0,0,6,2008,187000
471,120,,6820,8,5,1985,1985,0.0,368,1120,0,1488,1502,0,0,1502,1,0,1,1,1,1,4,0,1985.0,2,528,0,54,0,0,140,0,0,6,2010,212000
472,60,92.0,11952,7,6,1977,1977,0.0,0,0,808,808,1161,808,0,1969,0,0,2,1,3,1,8,1,1977.0,2,534,0,0,0,0,276,0,0,11,2007,190000
473,180,35.0,3675,6,5,2005,2005,80.0,459,0,88,547,1072,0,0,1072,1,0,1,0,2,1,5,0,2005.0,2,525,0,28,0,0,0,0,0,6,2008,148000
474,20,110.0,14977,8,5,2006,2007,304.0,1350,0,626,1976,1976,0,0,1976,1,0,2,0,2,1,7,1,2006.0,3,908,250,63,0,0,0,0,0,7,2007,440000
475,120,41.0,5330,8,5,2000,2000,0.0,1196,0,298,1494,1652,0,0,1652,1,0,2,0,2,1,6,0,2000.0,2,499,96,48,0,0,0,0,0,8,2007,251000
476,20,80.0,8480,5,6,1963,1963,0.0,630,0,340,970,970,0,0,970,1,0,1,0,2,1,5,0,1996.0,2,624,0,24,0,0,192,0,0,7,2007,132500
477,20,75.0,13125,6,5,1997,1998,215.0,994,0,484,1478,1493,0,0,1493,1,0,2,0,3,1,7,1,1997.0,2,508,140,39,0,0,0,0,0,4,2008,208900
478,60,105.0,13693,9,5,2006,2006,772.0,0,0,2153,2153,2069,574,0,2643,0,0,2,1,3,1,9,1,2006.0,3,694,414,84,0,0,0,0,0,3,2007,380000
479,20,79.0,10637,8,5,2007,2008,336.0,1288,0,417,1705,1718,0,0,1718,1,0,2,0,3,1,7,1,2007.0,3,826,208,44,0,0,0,0,0,9,2009,297000
480,30,50.0,5925,4,7,1937,2000,435.0,168,0,739,907,1131,0,0,1131,0,0,1,0,2,1,7,0,1995.0,2,672,0,72,0,0,0,0,0,3,2007,89471
481,20,98.0,16033,9,5,2004,2005,378.0,1261,0,572,1833,1850,0,0,1850,1,0,2,0,3,1,8,1,2004.0,3,772,519,112,0,0,0,0,0,3,2006,326000
482,20,72.0,11846,9,5,2003,2004,562.0,1567,0,225,1792,1792,0,0,1792,1,0,2,0,2,1,6,1,2003.0,3,874,206,49,0,0,0,0,0,8,2006,374000
483,70,50.0,2500,7,8,1915,2005,0.0,299,0,611,910,916,910,0,1826,1,0,1,1,4,1,7,1,1915.0,1,164,0,0,0,0,0,0,0,6,2009,155000
484,120,32.0,4500,6,5,1998,1998,116.0,897,0,319,1216,1216,0,0,1216,1,0,2,0,2,1,5,0,1998.0,2,402,0,125,0,0,0,0,0,5,2006,164000
485,20,,7758,5,7,1962,2001,0.0,588,0,411,999,999,0,0,999,1,0,1,0,3,1,6,0,1963.0,1,264,0,132,0,0,0,0,0,3,2007,132500
486,20,80.0,9600,5,7,1950,2007,0.0,607,0,506,1113,1113,0,0,1113,0,0,1,0,3,1,5,1,1950.0,1,264,0,80,120,0,0,0,0,7,2009,147000
487,20,79.0,10289,5,7,1965,1965,168.0,836,0,237,1073,1073,0,0,1073,1,0,1,1,3,1,6,0,1965.0,2,515,0,0,0,0,0,0,0,6,2007,156000
488,20,70.0,12243,5,6,1971,1971,0.0,998,0,486,1484,1484,0,0,1484,0,0,2,0,3,1,7,1,1971.0,2,487,224,0,0,0,180,0,0,2,2007,175000
489,190,60.0,10800,5,4,1900,1970,0.0,664,0,290,954,1766,648,0,2414,0,0,2,0,3,2,10,1,1970.0,2,520,142,0,0,0,0,0,0,5,2006,160000
490,180,21.0,1526,4,8,1970,2002,0.0,515,0,115,630,630,0,0,630,1,0,1,0,1,1,3,0,1970.0,1,286,0,0,0,0,0,0,0,5,2009,86000
491,160,,2665,5,6,1976,1976,0.0,0,0,264,264,616,688,0,1304,0,0,1,1,3,1,4,1,1976.0,1,336,141,24,0,0,0,0,0,6,2008,115000
492,50,79.0,9490,6,7,1941,1950,0.0,403,165,238,806,958,620,0,1578,1,0,1,0,3,1,5,2,1941.0,1,240,0,0,32,0,0,0,0,8,2006,133000
493,60,105.0,15578,6,5,2006,2006,0.0,0,0,728,728,728,728,0,1456,0,0,2,1,3,1,8,0,2006.0,2,429,0,0,0,0,0,0,0,5,2006,172785
494,20,70.0,7931,5,6,1960,1960,0.0,374,532,363,1269,1269,0,0,1269,0,0,1,1,3,1,6,1,1964.0,1,308,0,0,0,0,0,0,0,6,2008,155000
495,30,50.0,5784,5,8,1938,1996,0.0,0,0,190,190,886,0,0,886,0,0,1,0,2,1,4,0,1938.0,1,273,144,20,80,0,0,0,0,12,2009,91300
496,30,60.0,7879,4,5,1920,1950,0.0,495,0,225,720,720,0,0,720,0,0,1,0,2,1,4,0,,0,0,0,523,115,0,0,0,0,11,2009,34900
497,20,,12692,8,5,1992,1993,0.0,1231,0,1969,3200,3228,0,0,3228,1,0,3,0,4,1,10,1,1992.0,2,546,264,75,291,0,0,0,0,5,2007,430000
498,50,60.0,9120,7,6,1925,1950,0.0,329,0,697,1026,1133,687,0,1820,1,0,2,0,4,1,8,0,1925.0,1,240,0,100,0,0,0,0,0,6,2008,184000
499,20,65.0,7800,5,7,1967,2004,89.0,450,0,414,864,899,0,0,899,0,0,1,0,3,1,5,0,1967.0,1,288,64,0,0,0,0,0,0,6,2009,130000
500,20,70.0,7535,5,7,1958,1985,0.0,111,279,522,912,912,0,0,912,0,1,1,0,2,1,5,0,1958.0,1,297,12,285,0,0,0,0,480,6,2007,120000
501,160,21.0,1890,6,5,1973,1973,285.0,356,0,316,672,672,546,0,1218,0,0,1,1,3,1,7,0,1973.0,1,264,144,28,0,0,0,0,0,5,2007,113000
502,60,75.0,9803,7,5,2005,2005,0.0,400,0,466,866,866,902,0,1768,0,0,2,1,3,1,7,0,2005.0,2,603,0,108,0,0,0,0,0,2,2008,226700
503,20,70.0,9170,5,7,1965,1965,0.0,698,96,420,1214,1214,0,0,1214,1,0,1,0,2,1,6,0,1965.0,2,461,0,0,184,0,0,0,400,4,2007,140000
504,20,100.0,15602,7,8,1959,1997,0.0,1247,0,254,1501,1801,0,0,1801,1,0,2,0,1,1,6,2,1959.0,2,484,0,54,0,0,161,0,0,3,2010,289000
505,160,24.0,2308,6,5,1974,1974,0.0,257,495,103,855,855,467,0,1322,0,1,2,1,3,1,6,1,1974.0,2,440,260,0,0,0,0,0,0,6,2009,147000
506,90,60.0,7596,5,5,1952,1952,360.0,0,0,960,960,960,1000,0,1960,0,0,2,0,4,2,10,0,1952.0,2,400,0,0,0,0,0,0,0,7,2009,124500
507,60,80.0,9554,8,5,1993,1994,125.0,380,0,397,777,1065,846,0,1911,0,0,2,1,3,1,8,1,1993.0,2,471,182,81,0,0,0,0,0,9,2006,215000
508,20,75.0,7862,6,5,2009,2009,0.0,27,0,1191,1218,1218,0,0,1218,0,0,2,0,2,1,4,0,2009.0,2,676,0,102,0,0,0,0,0,9,2009,208300
509,70,60.0,9600,7,9,1928,2005,0.0,141,0,548,689,689,689,0,1378,0,0,2,0,3,1,7,1,1928.0,2,360,0,0,116,0,0,0,0,10,2008,161000
510,20,80.0,9600,5,6,1959,1959,132.0,991,0,50,1041,1041,0,0,1041,1,0,1,0,3,1,6,0,1959.0,1,270,224,88,0,0,0,0,0,7,2009,124500
511,20,75.0,14559,5,7,1951,2000,70.0,650,180,178,1008,1363,0,0,1363,1,0,1,0,2,1,6,2,1951.0,1,288,324,42,0,0,168,0,2000,6,2009,164900
512,120,40.0,6792,7,5,2005,2006,94.0,0,0,1368,1368,1368,0,0,1368,0,0,2,0,2,1,6,1,2005.0,2,474,132,35,0,0,0,0,0,3,2006,202665
513,20,70.0,9100,5,5,1958,1958,0.0,521,174,169,864,864,0,0,864,1,0,1,0,3,1,5,0,1964.0,2,624,0,0,0,0,0,0,0,7,2006,129900
514,20,71.0,9187,6,5,1983,1983,0.0,336,0,748,1084,1080,0,0,1080,0,0,1,1,3,1,5,0,1983.0,2,484,120,0,158,0,0,0,0,6,2007,134000
515,45,55.0,10594,5,5,1926,1950,0.0,0,0,768,768,789,0,0,789,0,0,1,0,2,1,5,0,1926.0,1,200,0,0,112,0,0,0,0,6,2007,96500
516,20,94.0,12220,10,5,2009,2009,305.0,1436,0,570,2006,2020,0,0,2020,1,0,2,1,3,1,9,1,2009.0,3,900,156,54,0,0,0,0,0,9,2009,402861
517,80,,10448,6,6,1972,1972,333.0,0,0,689,689,1378,741,0,2119,0,0,2,1,3,1,7,1,1972.0,2,583,0,104,0,0,0,0,0,8,2009,158000
518,60,79.0,10208,7,5,1996,1997,921.0,0,0,1264,1264,1277,1067,0,2344,0,0,2,1,3,1,7,1,1996.0,3,889,220,0,0,0,0,0,0,7,2009,265000
519,60,,9531,6,5,1998,1998,0.0,706,0,88,794,882,914,0,1796,1,0,2,1,3,1,7,0,1998.0,2,546,0,36,0,0,0,0,0,5,2007,211000
520,70,53.0,10918,7,9,1926,2004,0.0,0,0,1276,1276,1276,804,0,2080,0,0,1,1,3,1,9,2,1926.0,1,282,0,0,0,0,145,0,0,6,2009,234000
521,190,60.0,10800,4,7,1900,2000,0.0,0,0,0,0,694,600,0,1294,0,0,2,0,3,2,7,0,,0,0,220,114,210,0,0,0,0,8,2008,106250
522,20,90.0,11988,6,6,1957,1957,0.0,777,0,467,1244,1244,0,0,1244,0,0,1,1,3,1,6,2,1957.0,1,336,0,40,0,0,0,0,0,5,2007,150000
523,50,50.0,5000,6,7,1947,1950,0.0,399,0,605,1004,1004,660,0,1664,0,0,2,0,3,1,7,2,1950.0,2,420,0,24,36,0,0,0,0,10,2006,159000
524,60,130.0,40094,10,5,2007,2008,762.0,2260,0,878,3138,3138,1538,0,4676,1,0,3,1,3,1,11,1,2007.0,3,884,208,406,0,0,0,0,0,10,2007,184750
525,60,95.0,11787,7,5,1996,1997,594.0,719,0,660,1379,1383,1015,0,2398,1,0,2,1,3,1,8,1,1996.0,3,834,239,60,0,0,0,0,0,8,2007,315750
526,20,62.0,7500,7,5,2005,2005,0.0,0,0,1257,1257,1266,0,0,1266,0,0,2,0,3,1,6,1,2005.0,2,453,38,144,0,0,0,0,0,4,2006,176000
527,20,70.0,13300,5,7,1956,2000,0.0,377,0,551,928,928,0,0,928,0,0,1,0,2,1,4,0,1956.0,1,252,261,0,156,0,0,0,0,6,2007,132000
528,60,67.0,14948,9,5,2008,2008,268.0,1330,0,122,1452,1476,1237,0,2713,1,0,2,1,3,1,11,1,2008.0,3,858,126,66,0,0,0,0,0,11,2008,446261
529,30,58.0,9098,4,7,1920,2002,0.0,348,0,180,528,605,0,0,605,1,0,1,0,2,1,5,0,,0,0,0,0,144,0,0,0,0,7,2007,86000
530,20,,32668,6,3,1957,1975,,1219,0,816,2035,2515,0,0,2515,1,0,3,0,4,2,9,2,1975.0,2,484,0,0,200,0,0,0,0,3,2007,200624
531,80,85.0,10200,6,5,1988,1989,219.0,783,0,678,1461,1509,0,0,1509,1,0,2,0,3,1,5,1,1988.0,2,600,224,0,0,0,0,0,0,8,2008,175000
532,70,60.0,6155,6,8,1920,1999,0.0,0,0,611,611,751,611,0,1362,0,0,2,0,3,1,6,0,1920.0,2,502,0,0,84,0,0,0,0,6,2008,128000
533,20,60.0,7200,5,7,1955,2007,0.0,0,0,0,0,827,0,0,827,0,0,1,0,2,1,5,1,1967.0,1,392,0,0,0,0,0,0,0,4,2010,107500
534,20,50.0,5000,1,3,1946,1950,0.0,0,0,0,0,334,0,0,334,0,0,1,0,1,1,2,0,,0,0,0,0,0,0,0,0,0,1,2007,39300
535,60,74.0,9056,8,5,2004,2004,0.0,0,0,707,707,707,707,0,1414,0,0,2,1,3,1,6,1,2004.0,2,403,100,35,0,0,0,0,0,10,2006,178000
536,190,70.0,7000,5,7,1910,1991,0.0,969,0,148,1117,820,527,0,1347,1,0,1,0,3,1,5,0,,0,0,85,0,148,0,0,0,0,1,2008,107500
537,60,57.0,8924,7,5,1998,1999,0.0,0,0,880,880,880,844,0,1724,0,0,2,1,3,1,8,0,1998.0,2,527,120,155,0,0,0,0,0,7,2008,188000
538,20,,12735,4,5,1972,1972,0.0,600,0,264,864,864,0,0,864,0,0,1,0,3,1,5,0,1980.0,2,576,216,0,0,0,0,0,0,4,2008,111250
539,20,,11553,5,5,1968,1968,188.0,673,0,378,1051,1159,0,0,1159,0,0,1,1,3,1,7,1,1968.0,1,336,466,0,0,0,0,0,0,7,2006,158000
540,20,,11423,8,5,2001,2002,479.0,1358,0,223,1581,1601,0,0,1601,1,0,2,0,3,1,6,1,2001.0,2,670,180,0,0,0,0,0,2000,5,2010,272000
541,20,85.0,14601,9,5,2006,2006,584.0,1260,0,578,1838,1838,0,0,1838,1,0,2,0,2,1,8,1,2006.0,3,765,270,68,0,0,0,0,0,3,2009,315000
542,60,,11000,8,5,2000,2000,72.0,0,0,969,969,997,1288,0,2285,0,0,2,1,4,1,8,1,2000.0,3,648,0,56,0,0,0,0,0,6,2007,248000
543,20,78.0,10140,7,5,1998,1999,0.0,144,1127,379,1650,1680,0,0,1680,1,0,2,0,3,1,7,1,1998.0,2,583,78,73,0,0,0,0,0,6,2009,213250
544,120,34.0,4058,7,5,1998,1998,182.0,584,139,0,723,767,0,0,767,1,0,1,0,1,1,4,0,1998.0,1,367,120,40,0,0,0,0,0,6,2007,133000
545,60,58.0,17104,7,5,2006,2006,0.0,554,0,100,654,664,832,0,1496,1,0,2,1,3,1,7,1,2006.0,2,426,100,24,0,0,0,0,0,9,2006,179665
546,50,,13837,7,5,1988,1988,178.0,1002,202,0,1204,1377,806,0,2183,0,0,2,1,4,1,9,0,1988.0,3,786,0,0,0,0,0,0,0,2,2006,229000
547,50,70.0,8737,6,7,1923,1950,0.0,300,0,765,1065,915,720,0,1635,0,0,1,1,3,1,6,1,1950.0,2,440,0,38,0,144,0,0,0,5,2007,210000
548,85,54.0,7244,5,7,1970,1970,0.0,619,0,149,768,768,0,0,768,1,0,1,0,2,1,5,0,1987.0,2,624,104,0,0,0,0,0,0,4,2007,129500
549,20,49.0,8235,5,7,1955,1995,0.0,180,645,0,825,825,0,0,825,1,0,1,0,2,1,4,0,1963.0,2,720,140,50,0,0,0,0,0,6,2008,125000
550,60,75.0,9375,7,5,2003,2004,0.0,0,0,912,912,912,1182,0,2094,0,0,2,1,4,1,8,1,2003.0,2,615,182,182,0,0,0,0,0,11,2009,263000
551,120,53.0,4043,6,6,1977,1977,0.0,559,0,510,1069,1069,0,0,1069,0,0,2,0,2,1,4,0,1977.0,2,440,0,55,0,0,200,0,0,10,2008,140000
552,20,50.0,6000,5,6,1957,1957,0.0,308,0,620,928,928,0,0,928,0,0,1,0,3,1,5,0,1957.0,1,288,0,0,0,0,0,0,0,6,2008,112500
553,20,87.0,11146,8,5,2006,2006,250.0,0,0,1709,1709,1717,0,0,1717,0,0,2,0,3,1,7,1,2006.0,3,908,169,39,0,0,0,0,0,7,2009,255500
554,20,67.0,8777,4,5,1949,2003,0.0,0,0,0,0,1126,0,0,1126,0,0,2,0,2,1,5,0,2002.0,2,520,0,96,0,0,0,0,0,5,2009,108000
555,60,85.0,10625,7,5,2003,2004,292.0,866,0,132,998,1006,1040,0,2046,1,0,2,1,3,1,8,1,2003.0,3,871,320,62,0,0,0,0,0,8,2008,284000
556,45,58.0,6380,5,6,1922,1950,0.0,0,0,993,993,1048,0,0,1048,0,0,1,0,2,1,5,1,1922.0,1,280,0,0,116,0,0,0,0,8,2006,113000
557,20,69.0,14850,5,5,1957,1957,0.0,895,0,197,1092,1092,0,0,1092,1,0,1,0,2,1,6,1,1957.0,1,299,268,0,0,0,122,0,0,5,2006,141000
558,50,60.0,11040,4,6,1920,1950,0.0,637,0,0,637,897,439,0,1336,0,0,1,1,3,1,7,0,1994.0,1,570,0,47,120,0,0,0,0,9,2006,108000
559,60,57.0,21872,7,5,1996,1997,0.0,604,0,125,729,729,717,0,1446,0,1,2,1,3,1,6,1,1996.0,2,406,264,22,0,0,0,0,0,8,2008,175000
560,120,,3196,7,5,2003,2004,18.0,0,0,1374,1374,1557,0,0,1557,0,0,2,0,2,1,7,1,2003.0,2,420,143,20,0,0,0,0,0,10,2006,234000
561,20,,11341,5,6,1957,1996,180.0,1302,0,90,1392,1392,0,0,1392,1,0,1,1,3,1,5,1,1957.0,2,528,0,0,0,0,95,0,0,5,2010,121500
562,20,77.0,10010,5,5,1974,1975,0.0,1071,123,195,1389,1389,0,0,1389,1,0,1,0,2,1,6,1,1975.0,2,418,240,38,0,0,0,0,0,4,2006,170000
563,30,63.0,13907,5,6,1940,1969,0.0,290,0,706,996,996,0,0,996,1,0,1,0,3,1,6,1,,0,0,144,0,0,0,0,0,0,7,2008,108000
564,50,66.0,21780,6,7,1918,1950,0.0,0,0,1163,1163,1163,511,0,1674,0,0,2,0,4,1,8,1,1955.0,2,396,72,36,0,0,144,0,0,7,2008,185000
565,60,,13346,7,5,1992,2000,0.0,728,0,367,1095,1166,1129,0,2295,1,0,2,1,4,1,9,1,1992.0,2,590,0,40,0,0,0,0,0,7,2006,268000
566,70,66.0,6858,6,4,1915,1950,0.0,0,0,806,806,841,806,0,1647,1,0,1,1,4,1,6,0,1920.0,1,216,0,66,136,0,0,0,0,5,2010,128000
567,60,77.0,11198,9,5,2005,2007,245.0,0,0,1122,1122,1134,1370,0,2504,0,0,2,1,4,1,11,1,2005.0,3,656,144,39,0,0,0,0,0,6,2008,325000
568,20,70.0,10171,7,5,2004,2004,168.0,2,0,1515,1517,1535,0,0,1535,0,0,2,0,3,1,7,0,2004.0,2,532,0,0,0,0,0,0,0,3,2010,214000
569,50,79.0,12327,8,8,1983,2009,0.0,1441,0,55,1496,1496,636,0,2132,1,0,1,1,1,1,5,1,1983.0,2,612,349,40,0,0,0,0,0,9,2009,316600
570,90,,7032,5,5,1979,1979,0.0,943,0,0,943,943,0,0,943,1,0,1,0,2,1,4,2,1979.0,2,600,42,0,0,0,0,0,0,12,2006,135960
571,90,74.0,13101,5,5,1965,1965,108.0,231,0,1497,1728,1728,0,0,1728,0,0,2,0,6,2,10,0,1987.0,2,576,0,0,0,0,0,0,0,11,2008,142600
572,20,60.0,7332,6,6,1959,1959,207.0,414,0,450,864,864,0,0,864,1,0,1,0,2,1,4,0,1959.0,1,288,168,0,0,0,0,0,0,10,2006,120000
573,60,83.0,13159,7,5,2009,2009,0.0,0,0,846,846,846,846,0,1692,0,0,2,1,3,1,6,0,2009.0,2,650,208,114,0,0,0,0,0,7,2009,224500
574,80,76.0,9967,7,5,2000,2000,0.0,0,0,384,384,774,656,0,1430,0,0,2,1,3,1,8,1,2000.0,2,400,100,0,0,0,0,0,0,12,2007,170000
575,80,70.0,10500,5,7,1971,2005,82.0,349,0,23,372,576,533,0,1109,0,1,1,0,3,1,5,0,1971.0,1,288,35,0,0,0,0,0,0,12,2007,139000
576,50,80.0,8480,5,5,1947,1950,0.0,442,0,390,832,832,384,0,1216,0,0,1,0,2,1,6,0,1947.0,1,336,158,0,102,0,0,0,0,10,2008,118500
577,50,52.0,6292,7,7,1928,1950,0.0,0,0,861,861,877,600,0,1477,0,1,2,0,3,1,6,1,1928.0,1,216,0,50,0,0,0,0,0,8,2009,145000
578,80,96.0,11777,5,6,1966,1966,97.0,328,551,285,1164,1320,0,0,1320,1,0,1,0,3,1,6,2,1966.0,2,564,160,68,240,0,0,0,0,5,2006,164500
579,160,34.0,3604,7,5,2007,2007,0.0,0,0,689,689,703,689,0,1392,0,0,2,0,2,1,5,0,2007.0,2,540,0,102,0,0,0,0,0,2,2008,146000
580,50,81.0,12150,5,5,1954,1954,335.0,0,0,1050,1050,1050,745,0,1795,0,0,2,0,4,1,7,0,1954.0,1,352,0,0,0,0,0,0,0,11,2008,131500
581,20,,14585,6,6,1960,1987,85.0,594,219,331,1144,1429,0,0,1429,0,1,1,0,3,1,7,2,1960.0,2,572,216,110,0,0,0,0,0,6,2007,181900
582,20,98.0,12704,8,5,2008,2009,306.0,0,0,2042,2042,2042,0,0,2042,0,0,2,1,3,1,8,1,2009.0,3,1390,0,90,0,0,0,0,0,8,2009,253293
583,90,81.0,11841,6,5,1990,1990,104.0,816,0,0,816,816,0,0,816,1,0,1,0,3,1,5,0,,0,0,0,32,0,0,0,0,0,5,2007,118500
584,75,75.0,13500,10,9,1893,2000,0.0,0,0,1237,1237,1521,1254,0,2775,0,0,3,1,3,1,9,1,1988.0,2,880,105,502,0,0,0,0,0,7,2008,325000
585,50,51.0,6120,4,7,1935,1995,0.0,0,0,884,884,989,584,0,1573,0,0,1,0,3,1,6,0,1935.0,1,240,0,0,54,0,120,0,0,7,2009,133000
586,20,88.0,11443,8,5,2005,2006,208.0,1460,0,408,1868,2028,0,0,2028,1,0,2,0,2,1,7,2,2005.0,3,880,326,66,0,0,0,0,0,3,2006,369900
587,30,55.0,10267,6,7,1918,2000,0.0,210,606,0,816,838,0,0,838,1,0,1,0,2,1,5,0,1961.0,1,275,0,0,112,0,0,0,0,5,2008,130000
588,85,74.0,8740,5,6,1982,1982,0.0,672,0,168,840,860,0,0,860,1,0,1,0,2,1,4,0,1996.0,2,528,0,0,0,0,0,0,0,7,2009,137000
589,20,65.0,25095,5,8,1968,2003,0.0,1324,0,113,1437,1473,0,0,1473,2,0,1,0,1,1,5,2,1968.0,1,452,0,48,0,0,60,0,0,6,2009,143000
590,40,50.0,9100,5,6,1930,1960,0.0,0,0,742,742,779,0,156,935,0,0,1,0,2,1,4,0,1988.0,1,308,0,0,0,0,0,0,600,8,2008,79500
591,60,64.0,8320,7,5,2004,2004,0.0,490,0,280,770,770,812,0,1582,0,0,2,1,3,1,6,0,2004.0,2,520,0,45,0,0,0,0,0,9,2008,185900
592,60,97.0,13478,10,5,2008,2008,420.0,1338,0,384,1722,1728,568,0,2296,1,0,2,1,3,1,10,1,2008.0,3,842,382,274,0,0,0,0,0,6,2009,451950
593,20,60.0,6600,5,8,1982,2003,0.0,816,0,0,816,816,0,0,816,1,0,1,0,2,1,4,0,1985.0,2,816,0,0,0,0,0,0,0,6,2008,138000
594,120,,4435,6,5,2003,2003,170.0,685,0,163,848,848,0,0,848,1,0,1,0,1,1,4,0,2003.0,2,420,140,0,0,0,0,0,0,5,2009,140000
595,20,88.0,7990,5,6,1975,1975,0.0,0,0,924,924,924,0,0,924,0,0,1,0,3,1,5,0,1981.0,1,280,0,0,0,0,0,0,0,4,2008,110000
596,20,69.0,11302,8,5,2005,2006,238.0,1422,0,392,1814,1826,0,0,1826,1,0,2,0,3,1,7,1,2005.0,3,758,180,75,0,0,120,0,0,8,2006,319000
597,70,60.0,3600,6,7,1910,1993,0.0,0,0,684,684,684,684,0,1368,0,0,1,0,3,1,7,0,1930.0,1,216,0,158,0,0,0,0,0,10,2006,114504
598,120,53.0,3922,7,5,2006,2007,72.0,0,0,1258,1258,1402,0,0,1402,0,2,0,2,2,1,7,1,2006.0,3,648,120,16,0,0,0,0,0,2,2007,194201
599,20,80.0,12984,5,6,1977,1977,459.0,1283,147,0,1430,1647,0,0,1647,1,0,2,0,3,1,7,1,1977.0,2,621,0,0,0,0,0,0,0,3,2006,217500
600,160,24.0,1950,6,6,1980,1980,0.0,81,612,23,716,716,840,0,1556,1,0,2,1,3,1,6,1,1980.0,2,452,161,0,0,0,0,0,0,7,2008,151000
601,60,74.0,10927,8,5,2005,2005,280.0,546,0,512,1058,1058,846,0,1904,1,0,2,1,3,1,8,1,2003.0,2,736,179,60,0,0,0,0,0,6,2006,275000
602,50,50.0,9000,6,6,1937,1950,0.0,0,0,780,780,780,595,0,1375,0,0,1,1,3,1,6,1,1979.0,1,544,0,162,0,0,126,0,0,12,2007,141000
603,60,80.0,10041,8,5,1992,1992,0.0,789,0,119,908,927,988,0,1915,1,0,2,1,3,1,8,1,1992.0,2,506,120,150,0,0,0,0,0,2,2006,220000
604,160,30.0,3182,7,5,2004,2005,0.0,0,0,600,600,600,600,0,1200,0,0,2,1,2,1,4,0,2004.0,2,480,0,172,0,0,0,0,0,6,2010,151000
605,20,88.0,12803,7,5,2002,2002,99.0,922,0,572,1494,1494,0,0,1494,1,0,2,0,3,1,6,1,2002.0,2,530,192,36,0,0,0,0,0,9,2008,221000
606,60,85.0,13600,7,6,1965,1990,176.0,454,0,314,768,1186,800,0,1986,0,0,2,1,3,1,7,3,1965.0,2,486,0,42,0,0,189,0,0,10,2009,205000
607,20,82.0,12464,5,5,1996,1996,0.0,732,0,308,1040,1040,0,0,1040,1,0,1,0,3,1,6,0,2000.0,2,576,168,0,0,0,0,0,0,11,2009,152000
608,20,78.0,7800,5,8,1948,2002,0.0,603,0,293,896,1112,896,0,2008,1,0,3,0,3,1,8,0,1948.0,1,230,103,0,0,0,0,0,0,8,2006,225000
609,70,78.0,12168,8,6,1934,1998,0.0,428,0,537,965,1940,1254,0,3194,0,0,2,1,4,1,10,2,1934.0,2,380,0,0,0,0,0,0,0,9,2007,359100
610,20,61.0,7943,4,5,1961,1961,192.0,903,0,126,1029,1029,0,0,1029,1,0,1,0,3,1,5,0,1961.0,1,261,64,0,39,0,0,0,0,4,2007,118500
611,60,,11050,9,5,2000,2000,204.0,904,0,536,1440,1476,677,0,2153,1,0,2,1,3,1,8,2,2000.0,3,736,253,142,0,0,0,0,0,5,2009,313000
612,80,,10395,6,6,1978,1978,233.0,605,0,427,1032,1032,0,0,1032,0,1,2,0,3,1,6,1,1978.0,2,564,0,0,0,0,0,0,500,7,2007,148000
613,60,,11885,8,5,2001,2001,108.0,990,0,309,1299,1299,573,0,1872,1,0,2,1,3,1,7,1,2001.0,2,531,160,122,0,0,0,0,0,11,2009,261500
614,20,70.0,8402,5,5,2007,2007,0.0,206,0,914,1120,1120,0,0,1120,0,0,1,0,3,1,6,0,,0,0,0,30,0,0,0,0,0,12,2007,147000
615,180,21.0,1491,4,6,1972,1972,0.0,150,480,0,630,630,0,0,630,1,0,1,0,1,1,3,0,,0,0,96,24,0,0,0,0,0,5,2010,75500
616,85,80.0,8800,6,7,1963,1963,156.0,763,0,173,936,1054,0,0,1054,1,0,1,0,3,1,6,0,1963.0,2,480,120,0,0,0,0,0,0,5,2010,137500
617,60,,7861,6,5,2002,2003,0.0,457,0,326,783,807,702,0,1509,1,0,2,1,3,1,7,1,2002.0,2,393,100,75,0,0,0,0,0,6,2006,183200
618,45,59.0,7227,6,6,1954,1954,0.0,0,0,832,832,832,0,0,832,0,0,1,0,2,1,4,0,1962.0,2,528,0,0,0,0,0,0,0,6,2008,105500
619,20,90.0,11694,9,5,2007,2007,452.0,48,0,1774,1822,1828,0,0,1828,0,0,2,0,3,1,9,1,2007.0,3,774,0,108,0,0,260,0,0,7,2007,314813
620,60,85.0,12244,8,5,2003,2003,226.0,871,0,611,1482,1482,780,0,2262,1,0,2,1,4,1,10,2,2003.0,3,749,168,0,0,0,0,0,0,8,2008,305000
621,30,45.0,8248,3,3,1914,1950,0.0,41,0,823,864,864,0,0,864,1,0,1,0,2,1,5,0,,0,0,0,0,100,0,0,0,0,9,2008,67000
622,60,90.0,10800,6,7,1974,1997,0.0,956,182,384,1522,1548,1066,0,2614,0,0,2,1,4,1,9,1,1974.0,2,624,38,243,0,0,0,0,0,6,2008,240000
623,20,71.0,7064,5,6,1977,1977,153.0,560,0,420,980,980,0,0,980,0,0,1,0,3,1,6,0,1986.0,2,484,192,0,0,0,0,0,0,7,2009,135000
624,160,,2117,6,5,2000,2000,513.0,420,0,336,756,756,756,0,1512,0,0,2,1,2,1,4,1,2000.0,2,440,0,32,0,0,0,0,0,6,2007,168500
625,60,80.0,10400,6,5,1972,1972,288.0,247,0,485,732,1012,778,0,1790,1,0,1,2,4,1,8,1,1972.0,2,484,148,0,0,0,147,0,0,11,2006,165150
626,20,87.0,10000,6,6,1962,1962,261.0,0,0,1116,1116,1116,0,0,1116,0,0,1,1,3,1,5,0,1962.0,2,440,0,0,0,0,385,0,0,2,2010,160000
627,20,,12342,5,5,1960,1978,0.0,0,0,978,978,1422,0,0,1422,0,0,1,0,3,1,6,1,1960.0,1,286,0,0,36,0,0,0,600,8,2007,139900
628,80,80.0,9600,6,6,1955,1972,164.0,674,132,350,1156,1520,0,0,1520,1,0,1,0,3,1,7,2,1955.0,1,364,0,0,189,0,0,0,0,3,2010,153000
629,60,70.0,11606,5,5,1969,1969,192.0,650,0,390,1040,1040,1040,0,2080,0,1,1,2,5,1,9,2,1969.0,2,504,335,0,0,0,0,0,0,9,2007,135000
630,80,82.0,9020,6,5,1964,1964,259.0,624,336,288,1248,1350,0,0,1350,1,0,1,1,3,1,6,0,1964.0,2,520,176,0,0,0,0,0,0,6,2008,168500
631,70,50.0,9000,5,6,1880,1991,0.0,0,0,636,636,1089,661,0,1750,0,0,1,0,3,1,8,0,1937.0,1,240,0,0,293,0,0,0,0,6,2006,124000
632,120,34.0,4590,8,5,2006,2006,108.0,24,0,1530,1554,1554,0,0,1554,0,0,2,0,2,1,6,1,2006.0,2,627,156,73,0,0,0,0,0,8,2007,209500
633,20,85.0,11900,7,5,1977,1977,209.0,822,0,564,1386,1411,0,0,1411,0,0,2,0,3,1,6,1,1977.0,2,544,192,0,0,0,0,0,0,4,2009,82500
634,20,80.0,9250,5,7,1954,2005,0.0,480,468,108,1056,1056,0,0,1056,0,1,1,0,3,1,6,0,1954.0,1,260,390,0,0,0,0,0,0,7,2007,139400
635,90,64.0,6979,6,5,1980,1980,0.0,1056,0,0,1056,1056,0,0,1056,2,0,0,0,0,2,4,0,1980.0,2,576,264,56,0,0,0,0,600,6,2010,144000
636,190,60.0,10896,6,7,1914,1995,0.0,256,0,1184,1440,1440,1440,515,3395,0,0,2,0,8,2,14,0,,0,0,0,110,0,0,0,0,0,3,2007,200000
637,30,51.0,6120,2,3,1936,1950,0.0,0,0,264,264,800,0,0,800,0,0,1,0,1,1,4,1,,0,0,0,0,0,0,0,0,0,1,2009,60000
638,190,50.0,6000,5,4,1954,1954,0.0,0,0,811,811,811,576,0,1387,0,0,2,0,3,2,7,0,1954.0,1,256,0,0,0,0,0,0,0,11,2009,93000
639,30,67.0,8777,5,7,1910,1950,0.0,0,0,796,796,796,0,0,796,0,0,1,0,2,1,4,0,,0,0,328,0,164,0,0,0,0,5,2008,85000
640,120,53.0,3982,8,5,2006,2006,0.0,1154,0,366,1520,1567,0,0,1567,1,0,2,0,1,1,7,1,2006.0,3,648,312,0,0,0,0,0,0,10,2006,264561
641,120,62.0,12677,8,5,2003,2004,472.0,1218,0,300,1518,1518,0,0,1518,0,0,1,1,1,1,6,1,2003.0,2,588,185,140,0,0,0,0,0,4,2008,274000
642,60,,7050,7,5,2001,2001,0.0,738,0,319,1057,1057,872,0,1929,1,0,2,1,3,1,7,1,2001.0,2,650,0,235,0,0,0,0,0,5,2007,226000
643,80,75.0,13860,8,7,1972,1995,0.0,1410,0,542,1952,2000,704,0,2704,1,0,2,1,4,1,9,3,1972.0,2,538,269,111,0,0,0,0,0,7,2009,345000
644,60,80.0,10793,5,5,1969,1969,263.0,493,287,0,780,780,840,0,1620,0,0,2,1,4,1,7,0,1969.0,2,462,208,0,0,0,0,0,0,4,2007,152000
645,20,85.0,9187,9,5,2009,2009,162.0,1121,0,645,1766,1766,0,0,1766,1,0,2,1,2,1,7,1,2009.0,3,478,195,130,0,0,0,0,0,10,2009,370878
646,20,,10530,6,5,1971,1971,0.0,282,35,664,981,981,0,0,981,1,0,1,1,3,1,5,0,1979.0,2,576,0,312,40,0,0,0,0,3,2007,143250
647,20,60.0,7200,5,5,1950,1950,0.0,0,0,0,0,1048,0,0,1048,0,0,1,0,3,1,7,0,1950.0,2,420,0,27,0,0,0,0,0,7,2008,98300
648,20,85.0,10452,6,5,1953,1953,216.0,500,0,594,1094,1094,0,0,1094,0,0,1,0,3,1,5,2,1953.0,2,495,0,0,0,0,287,0,0,6,2008,155000
649,60,70.0,7700,6,5,1966,1966,351.0,0,0,756,756,1051,788,0,1839,0,0,1,1,4,1,7,1,1966.0,2,442,0,124,216,0,0,0,0,6,2010,155000
650,180,21.0,1936,4,6,1970,1970,0.0,131,499,0,630,630,0,0,630,1,0,1,0,1,1,3,0,,0,0,0,0,0,0,0,0,0,12,2007,84500
651,60,65.0,8125,7,6,2007,2007,,0,0,813,813,822,843,0,1665,0,0,2,1,3,1,7,0,2007.0,2,562,0,0,0,0,0,0,0,5,2008,205950
652,70,60.0,9084,4,5,1940,1950,0.0,0,0,755,755,755,755,0,1510,1,0,1,0,4,1,7,1,1940.0,1,296,120,0,0,0,0,0,0,10,2009,108000
653,60,70.0,8750,7,5,1996,1996,0.0,0,0,880,880,909,807,0,1716,0,0,2,1,2,1,7,1,1996.0,2,512,0,120,0,0,0,0,0,7,2009,191000
654,50,60.0,10320,6,7,1906,1995,0.0,0,0,756,756,756,713,0,1469,0,0,1,0,3,1,7,0,1906.0,1,216,57,0,239,0,0,0,0,6,2008,135000
655,20,91.0,10437,8,6,1995,1995,660.0,1696,0,413,2109,2113,0,0,2113,1,0,2,1,2,1,7,1,1995.0,3,839,236,46,0,0,0,0,0,8,2008,350000
656,160,21.0,1680,6,5,1971,1971,381.0,0,0,525,525,525,567,0,1092,0,0,1,1,3,1,6,0,1971.0,1,264,0,0,0,0,0,0,0,3,2010,88000
657,20,72.0,10007,5,7,1959,2006,54.0,806,0,247,1053,1053,0,0,1053,1,0,1,1,3,1,5,0,1959.0,1,312,0,0,0,0,0,0,0,8,2008,145500
658,70,60.0,7200,7,6,1931,2000,0.0,0,0,776,776,851,651,0,1502,0,0,1,1,3,1,6,1,1931.0,1,270,0,0,112,0,0,0,0,2,2008,149000
659,50,78.0,17503,6,5,1948,1950,0.0,0,0,912,912,912,546,0,1458,0,1,1,0,3,1,6,1,1948.0,1,330,192,0,0,0,0,0,0,1,2010,97500
660,20,75.0,9937,5,7,1964,1999,0.0,637,0,849,1486,1486,0,0,1486,1,0,1,0,3,1,7,0,1968.0,2,480,0,0,0,0,0,0,0,3,2009,167000
661,60,,12384,7,7,1976,1976,233.0,0,0,793,793,1142,793,0,1935,0,0,2,1,3,1,7,1,1976.0,2,550,0,113,252,0,0,0,0,11,2007,197900
662,60,52.0,46589,8,7,1994,2005,528.0,1361,180,88,1629,1686,762,0,2448,1,0,2,1,4,1,8,1,1994.0,3,711,517,76,0,0,0,0,0,7,2009,402000
663,20,120.0,13560,6,3,1968,1968,216.0,0,0,1392,1392,1392,0,0,1392,1,0,1,0,2,1,5,2,1968.0,2,576,0,0,240,0,0,0,0,7,2009,110000
664,85,90.0,10012,4,5,1972,1972,0.0,920,180,38,1138,1181,0,0,1181,1,0,2,0,3,1,6,0,1974.0,2,588,0,0,180,0,0,0,0,4,2008,137500
665,20,49.0,20896,8,5,2005,2006,0.0,1721,0,356,2077,2097,0,0,2097,1,0,1,1,1,1,8,1,2005.0,3,1134,192,267,0,0,0,0,0,1,2006,423000
666,60,106.0,11194,8,5,2000,2000,40.0,0,0,1406,1406,1454,482,0,1936,0,0,2,1,3,1,7,1,2000.0,2,504,188,124,0,0,0,0,0,11,2006,230500
667,60,,18450,6,5,1965,1979,113.0,187,723,111,1021,1465,915,0,2380,0,0,2,1,3,1,7,1,1965.0,2,596,0,265,0,0,0,0,0,8,2007,129000
668,20,65.0,8125,6,5,1994,1998,258.0,1138,0,270,1408,1679,0,0,1679,1,0,2,0,3,1,7,1,1994.0,2,575,224,42,0,0,0,0,0,10,2008,193500
669,20,,14175,5,6,1956,1987,0.0,988,0,200,1188,1437,0,0,1437,1,0,1,1,3,1,6,1,1999.0,2,576,304,0,0,0,0,0,0,11,2006,168000
670,30,80.0,11600,4,5,1922,1950,0.0,0,0,700,700,1180,0,0,1180,0,0,1,0,2,1,5,1,1922.0,1,252,0,0,67,0,0,0,0,7,2006,137500
671,60,64.0,8633,6,5,2005,2005,0.0,193,0,545,738,738,738,0,1476,1,0,2,1,3,1,7,0,2005.0,2,540,100,35,0,0,0,0,0,2,2009,173500
672,70,54.0,6629,6,6,1925,1950,0.0,551,0,121,672,697,672,0,1369,1,0,2,0,3,1,6,0,1930.0,1,300,147,0,0,0,0,0,0,7,2009,103600
673,20,,11250,6,6,1977,1977,0.0,767,0,441,1208,1208,0,0,1208,1,0,1,1,3,1,6,1,1977.0,2,546,198,42,0,0,0,0,0,6,2006,165000
674,20,110.0,14442,6,7,1957,2004,106.0,1186,0,291,1477,1839,0,0,1839,1,0,2,0,3,1,7,2,1957.0,2,416,0,87,0,0,200,0,0,6,2007,257500
675,20,80.0,9200,6,6,1965,1965,0.0,892,0,244,1136,1136,0,0,1136,1,0,1,0,3,1,5,1,1965.0,1,384,426,0,0,0,0,0,0,7,2008,140000
676,160,24.0,2289,6,6,1978,1978,0.0,311,0,544,855,855,586,0,1441,0,0,2,1,3,1,7,1,1978.0,2,440,28,0,0,0,0,0,0,4,2009,148500
677,70,60.0,9600,4,2,1900,1950,0.0,0,0,1095,1095,1095,679,0,1774,1,0,2,0,4,2,8,0,1920.0,3,779,0,0,90,0,0,0,0,5,2006,87000
678,30,52.0,9022,5,8,1924,2006,0.0,0,0,768,768,792,0,0,792,0,0,1,0,2,1,5,0,1924.0,1,240,316,0,120,0,0,0,0,5,2009,109500
679,20,80.0,11844,8,5,2008,2008,464.0,0,0,2046,2046,2046,0,0,2046,0,0,2,1,3,1,7,1,2008.0,3,834,322,82,0,0,0,0,0,7,2009,372500
680,20,,9945,5,5,1961,1961,57.0,827,0,161,988,988,0,0,988,1,0,1,0,3,1,5,0,1963.0,2,572,0,0,0,0,0,0,0,10,2007,128500
681,120,50.0,8012,6,5,1980,1980,0.0,543,119,261,923,923,0,0,923,0,0,2,0,2,1,5,1,1980.0,1,264,80,0,0,0,0,0,0,5,2010,143000
682,50,55.0,4500,5,5,1932,2000,0.0,182,0,611,793,848,672,0,1520,0,0,1,0,3,1,6,0,1968.0,1,281,0,0,56,0,0,0,0,7,2009,159434
683,120,,2887,6,5,1996,1997,0.0,1003,0,288,1291,1291,0,0,1291,1,0,1,0,2,1,6,1,1996.0,2,431,307,0,0,0,0,0,0,11,2008,173000
684,20,90.0,11248,9,5,2002,2002,215.0,1059,0,567,1626,1668,0,0,1668,1,0,2,0,3,1,7,1,2002.0,3,702,257,45,0,0,0,0,0,7,2007,285000
685,60,58.0,16770,7,5,1998,1998,30.0,0,0,1195,1195,1195,644,0,1839,0,0,2,1,4,1,7,0,1998.0,2,486,0,81,0,0,0,0,0,6,2010,221000
686,160,,5062,7,5,1984,1984,0.0,828,182,180,1190,1190,900,0,2090,1,0,2,0,3,1,6,1,1984.0,2,577,219,0,0,0,0,0,0,9,2007,207500
687,60,84.0,10207,7,6,2007,2007,0.0,0,0,874,874,874,887,0,1761,0,0,3,0,3,1,7,0,2007.0,2,578,144,105,0,0,0,0,0,8,2007,227875
688,160,,5105,7,5,2004,2004,0.0,239,0,312,551,551,551,0,1102,0,0,2,1,2,1,4,0,2004.0,2,480,0,60,0,0,0,0,0,3,2007,148800
689,20,60.0,8089,8,6,2007,2007,0.0,945,0,474,1419,1419,0,0,1419,1,0,2,0,2,1,7,1,2007.0,2,567,140,0,0,0,0,0,0,10,2007,392000
690,120,61.0,7577,6,5,2005,2006,256.0,20,0,1342,1362,1362,0,0,1362,0,0,2,0,2,1,6,1,2005.0,2,460,192,28,0,0,0,0,0,6,2007,194700
691,120,,4426,6,5,2004,2004,147.0,697,0,151,848,848,0,0,848,1,0,1,0,1,1,3,1,2004.0,2,420,149,0,0,0,0,0,0,5,2008,141000
692,60,104.0,21535,10,6,1994,1995,1170.0,1455,0,989,2444,2444,1872,0,4316,0,1,3,1,4,1,10,2,1994.0,3,832,382,50,0,0,0,0,0,1,2007,755000
693,60,42.0,26178,7,5,1989,1990,293.0,965,0,245,1210,1238,1281,0,2519,1,0,2,1,4,1,9,2,1989.0,2,628,320,27,0,0,0,0,0,4,2006,335000
694,30,60.0,5400,5,6,1921,1968,0.0,0,0,1073,1073,1073,0,0,1073,0,0,1,0,2,1,4,0,1968.0,1,326,0,0,112,0,0,0,0,12,2006,108480
695,50,51.0,6120,5,6,1936,1950,0.0,0,0,927,927,1067,472,0,1539,0,0,1,1,3,1,5,0,1995.0,2,576,112,0,0,0,0,0,0,4,2009,141500
696,20,54.0,13811,6,6,1987,1987,72.0,980,40,92,1112,1137,0,0,1137,1,0,2,0,2,1,5,1,1987.0,2,551,125,0,0,0,0,0,0,7,2006,176000
697,30,50.0,6000,5,7,1921,1950,0.0,616,0,0,616,616,0,0,616,0,0,1,0,2,1,4,0,1921.0,1,205,0,0,129,0,0,0,0,6,2006,89000
698,20,57.0,6420,5,7,1952,1952,0.0,210,551,219,980,1148,0,0,1148,0,1,1,0,2,1,6,0,1952.0,1,308,0,0,0,0,0,0,0,9,2006,123500
699,20,65.0,8450,5,8,1965,2009,0.0,553,117,224,894,894,0,0,894,1,0,1,0,3,1,5,1,1973.0,1,336,416,144,0,0,0,0,0,4,2010,138500
700,120,59.0,4282,7,5,2004,2004,0.0,16,0,1375,1391,1391,0,0,1391,0,0,2,0,2,1,5,0,2004.0,2,530,156,158,0,0,0,0,0,7,2008,196000
701,20,85.0,14331,8,5,2002,2002,630.0,1274,0,526,1800,1800,0,0,1800,1,0,2,0,3,1,7,1,2002.0,3,765,270,78,0,0,0,0,0,5,2006,312500
702,20,80.0,9600,7,5,1969,1969,168.0,0,0,1164,1164,1164,0,0,1164,0,0,1,1,3,1,6,0,1969.0,2,528,0,0,0,0,0,0,0,7,2006,140000
703,60,82.0,12438,8,5,2006,2006,466.0,0,0,1234,1234,1264,1312,0,2576,0,0,2,1,4,1,10,1,2006.0,3,666,324,100,0,0,0,0,0,7,2006,361919
704,190,76.0,7630,5,9,1900,1996,0.0,0,0,360,360,1032,780,0,1812,0,0,2,0,4,2,8,1,1999.0,2,672,344,0,40,0,0,0,0,5,2010,140000
705,20,70.0,8400,7,5,2004,2005,109.0,712,0,761,1473,1484,0,0,1484,1,0,2,0,3,1,7,0,2004.0,2,606,0,35,0,144,0,0,0,5,2010,213000
706,190,70.0,5600,4,5,1930,1950,0.0,0,0,0,0,372,720,0,1092,0,0,2,0,3,2,7,0,,0,0,0,0,0,0,0,0,3500,7,2010,55000
707,20,,115149,7,5,1971,2002,351.0,1219,0,424,1643,1824,0,0,1824,1,0,2,0,2,1,5,2,1971.0,2,739,380,48,0,0,0,0,0,6,2007,302000
708,120,48.0,6240,8,5,2006,2006,176.0,863,0,461,1324,1324,0,0,1324,1,0,2,0,2,1,6,1,2006.0,2,550,192,38,0,0,0,0,0,12,2009,254000
709,60,65.0,9018,7,5,2007,2007,0.0,0,0,728,728,728,728,0,1456,0,0,2,1,3,1,8,1,2007.0,2,400,100,24,0,0,0,0,0,7,2007,179540
710,20,,7162,5,7,1966,1966,41.0,0,0,876,876,904,0,0,904,0,0,1,0,3,1,6,0,1966.0,1,408,0,0,0,0,0,0,0,12,2008,109900
711,30,56.0,4130,3,6,1935,2003,0.0,0,0,270,270,729,0,0,729,0,0,1,0,2,1,5,0,,0,0,0,0,0,0,0,0,0,7,2008,52000
712,50,66.0,8712,4,7,1900,1950,0.0,0,0,859,859,859,319,0,1178,0,0,1,0,2,1,7,0,1964.0,1,384,68,0,98,0,0,0,0,1,2010,102776
713,120,40.0,4671,8,5,1988,1989,0.0,767,0,461,1228,1228,0,0,1228,1,0,2,0,2,1,5,1,1988.0,2,472,168,120,0,0,0,0,0,10,2008,189000
714,190,60.0,9873,4,5,1970,1970,160.0,789,0,171,960,960,0,0,960,1,0,1,0,3,1,6,0,1970.0,2,576,0,288,0,0,0,0,0,5,2006,129000
715,60,,13517,6,8,1976,2005,289.0,533,0,192,725,725,754,0,1479,0,0,2,1,3,1,6,0,1976.0,2,475,0,44,0,0,0,0,0,3,2010,130500
716,20,78.0,10140,6,5,1974,1974,174.0,0,0,1064,1064,1350,0,0,1350,0,0,2,0,3,1,7,1,1974.0,2,478,0,0,0,0,0,0,0,8,2009,165000
717,70,60.0,10800,7,8,1890,1998,0.0,0,0,718,718,1576,978,0,2554,0,0,1,1,3,1,8,0,1996.0,2,704,0,48,143,0,0,0,0,7,2007,159500
718,20,80.0,10000,5,6,1973,2000,0.0,1084,0,92,1176,1178,0,0,1178,0,1,1,1,3,1,5,1,1973.0,2,439,224,0,0,0,0,0,0,11,2008,157000
719,60,96.0,10542,7,5,1993,1994,651.0,1173,0,138,1311,1325,1093,0,2418,1,0,2,1,3,1,9,1,1993.0,3,983,250,154,216,0,0,0,0,8,2008,341000
720,20,69.0,9920,5,6,1969,1969,0.0,523,0,448,971,971,0,0,971,0,0,1,1,3,1,5,1,1969.0,1,300,0,0,0,0,0,0,0,5,2006,128500
721,120,,6563,8,5,1985,1985,0.0,1148,0,594,1742,1742,0,0,1742,1,0,2,0,2,1,5,1,1985.0,2,564,114,28,234,0,0,0,0,12,2006,275000
722,120,,4426,6,5,2004,2004,169.0,662,0,186,848,848,0,0,848,1,0,1,0,1,1,3,0,2004.0,2,420,160,0,0,0,0,0,0,5,2010,143000
723,20,70.0,8120,4,7,1970,1970,0.0,191,0,673,864,864,0,0,864,0,0,1,0,3,1,5,0,1994.0,2,463,0,0,0,0,0,0,0,7,2009,124500
724,50,60.0,8172,4,6,1954,1972,0.0,0,0,941,941,997,473,0,1470,0,0,2,0,4,1,7,0,1958.0,1,548,0,0,0,0,156,0,0,5,2008,135000
725,20,86.0,13286,9,5,2007,2008,340.0,1234,0,464,1698,1698,0,0,1698,1,0,2,0,3,1,8,1,2007.0,3,768,327,64,0,0,0,0,0,2,2009,320000
726,20,60.0,6960,4,6,1970,1970,0.0,375,239,250,864,864,0,0,864,0,0,1,0,3,1,5,0,1989.0,2,660,96,0,0,0,0,0,500,11,2009,120500
727,20,,21695,6,9,1988,2007,260.0,808,0,72,880,1680,0,0,1680,1,0,2,0,3,1,5,1,1988.0,2,540,292,44,0,182,0,0,0,12,2009,222000
728,20,64.0,7314,7,5,2007,2007,82.0,724,0,508,1232,1232,0,0,1232,1,0,2,0,2,1,6,0,2007.0,2,632,132,0,0,0,0,0,0,2,2009,194500
729,90,85.0,11475,5,5,1958,1958,95.0,0,0,1584,1584,1776,0,0,1776,1,0,2,0,4,2,9,0,1968.0,3,888,0,25,0,0,0,0,0,7,2009,110000
730,30,52.0,6240,4,5,1925,1950,0.0,152,0,628,780,848,0,360,1208,0,0,1,0,2,1,5,0,1962.0,2,539,0,23,112,0,0,0,0,1,2009,103000
